29.5,71.0,1011.25,114.0,376.0,Safe
29.5,71.0,1011.25,115.0,382.0,Safe
29.5,71.0,1011.18,116.0,378.0,Safe
29.5,71.0,1011.25,116.0,378.0,Safe
29.5,71.0,1011.31,116.0,377.0,Safe
29.5,71.0,1011.23,116.0,383.0,Safe
29.5,71.0,1011.22,116.0,381.0,Safe
29.5,71.0,1011.25,116.0,378.0,Safe
29.5,71.0,1011.15,116.0,376.0,Safe
29.5,71.0,1011.23,116.0,382.0,Safe
29.5,71.0,1011.21,116.0,379.0,Safe
29.5,71.0,1011.16,116.0,379.0,Safe
29.5,71.0,1011.26,116.0,375.0,Safe
29.5,71.0,1011.2,115.0,378.0,Safe
29.5,71.0,1011.25,116.0,379.0,Safe
29.5,71.0,1011.25,116.0,376.0,Safe
29.5,71.0,1011.26,116.0,373.0,Safe
29.5,71.0,1011.23,116.0,379.0,Safe
29.5,71.0,1011.23,116.0,380.0,Safe
29.5,71.0,1011.18,116.0,376.0,Safe
29.5,71.0,1011.22,116.0,371.0,Safe
29.5,71.0,1011.25,116.0,380.0,Safe
29.5,71.0,1011.25,116.0,379.0,Safe
29.5,71.0,1011.25,116.0,378.0,Safe
29.5,71.0,1011.28,116.0,376.0,Safe
29.5,71.0,1011.26,116.0,375.0,Safe
29.5,71.0,1011.27,116.0,380.0,Safe
29.5,71.0,1011.22,116.0,379.0,Safe
29.5,71.0,1011.24,116.0,371.0,Safe
29.5,71.0,1011.3,116.0,378.0,Safe
29.5,71.0,1011.3,116.0,379.0,Safe
29.5,71.0,1011.2,116.0,379.0,Safe
29.5,71.0,1011.26,116.0,374.0,Safe
29.5,71.0,1011.25,116.0,380.0,Safe
29.5,71.0,1011.28,116.0,379.0,Safe
29.5,71.0,1011.22,115.0,378.0,Safe
29.5,71.0,1011.22,115.0,377.0,Safe
29.5,71.0,1011.24,116.0,378.0,Safe
29.5,71.0,1011.26,115.0,374.0,Safe
29.4,71.0,1011.28,116.0,376.0,Safe
29.5,71.0,1011.32,116.0,377.0,Safe
29.5,71.0,1011.29,116.0,375.0,Safe
29.5,71.0,1011.21,116.0,377.0,Safe
29.5,71.0,1011.22,115.0,377.0,Safe
29.4,71.0,1011.29,115.0,375.0,Safe
29.5,71.0,1011.29,116.0,379.0,Safe
29.4,71.0,1011.25,115.0,374.0,Safe
29.4,71.0,1011.3,116.0,379.0,Safe
29.4,71.0,1011.22,115.0,376.0,Safe
29.5,71.0,1011.32,115.0,375.0,Safe
29.4,71.0,1011.29,116.0,378.0,Safe
29.4,71.0,1011.27,115.0,378.0,Safe
29.4,71.0,1011.31,116.0,379.0,Safe
29.5,71.0,1011.3,115.0,378.0,Safe
29.4,71.0,1011.28,115.0,381.0,Safe
29.4,71.0,1011.3,116.0,372.0,Safe
29.5,71.0,1011.3,116.0,381.0,Safe
29.4,71.0,1011.23,116.0,378.0,Safe
29.4,71.0,1011.25,123.0,371.0,Safe
29.4,71.0,1011.27,111.0,369.0,Safe
29.5,71.0,1011.28,108.0,371.0,Safe
29.5,71.0,1011.28,107.0,375.0,Safe
29.4,71.0,1011.28,106.0,372.0,Safe
29.4,71.0,1011.28,106.0,370.0,Safe
29.4,71.0,1011.26,106.0,369.0,Safe
29.5,71.0,1011.3,107.0,370.0,Safe
29.4,71.0,1011.26,107.0,367.0,Safe
29.4,71.0,1011.31,107.0,374.0,Safe
29.5,71.0,1011.28,107.0,367.0,Safe
29.4,71.0,1011.34,109.0,374.0,Safe
29.4,71.0,1011.31,109.0,370.0,Safe
29.5,71.0,1011.32,109.0,370.0,Safe
29.4,71.0,1011.33,108.0,369.0,Safe
29.5,71.0,1011.29,108.0,374.0,Safe
29.5,71.0,1011.3,107.0,373.0,Safe
29.4,71.0,1011.32,107.0,368.0,Safe
29.4,71.0,1011.28,107.0,372.0,Safe
29.4,71.0,1011.3,108.0,369.0,Safe
29.4,71.0,1011.31,108.0,372.0,Safe
29.4,71.0,1011.3,108.0,372.0,Safe
29.4,71.0,1011.36,108.0,373.0,Safe
29.4,71.0,1011.33,108.0,370.0,Safe
29.4,71.0,1011.36,108.0,370.0,Safe
29.4,71.0,1011.28,108.0,368.0,Safe
29.4,71.0,1011.35,108.0,370.0,Safe
29.4,71.0,1011.33,108.0,371.0,Safe
29.4,71.0,1011.32,107.0,372.0,Safe
29.4,71.0,1011.33,108.0,371.0,Safe
29.4,71.0,1011.3,107.0,368.0,Safe
29.4,71.0,1011.32,107.0,372.0,Safe
29.4,71.0,1011.3,108.0,368.0,Safe
29.4,71.0,1011.33,107.0,378.0,Safe
29.4,71.0,1011.25,107.0,373.0,Safe
29.4,71.0,1011.3,107.0,370.0,Safe
29.4,71.0,1011.31,108.0,370.0,Safe
29.5,71.0,1011.35,109.0,373.0,Safe
29.5,71.0,1011.29,108.0,369.0,Safe
29.4,71.0,1011.31,108.0,365.0,Safe
29.5,71.0,1011.35,108.0,366.0,Safe
29.4,71.0,1011.33,108.0,377.0,Safe
29.5,71.0,1011.31,108.0,374.0,Safe
29.4,71.0,1011.29,108.0,370.0,Safe
29.5,71.0,1011.31,108.0,371.0,Safe
29.4,71.0,1011.34,108.0,369.0,Safe
29.5,71.0,1011.32,108.0,368.0,Safe
29.5,71.0,1011.31,108.0,371.0,Safe
29.4,71.0,1011.31,108.0,372.0,Safe
29.4,71.0,1011.32,108.0,369.0,Safe
29.5,71.0,1011.29,108.0,370.0,Safe
29.4,71.0,1011.25,107.0,369.0,Safe
29.4,71.0,1011.27,107.0,373.0,Safe
29.4,71.0,1011.26,107.0,371.0,Safe
29.5,71.0,1011.26,107.0,370.0,Safe
29.4,71.0,1011.21,107.0,371.0,Safe
29.4,71.0,1011.31,107.0,372.0,Safe
29.5,71.0,1011.32,108.0,372.0,Safe
29.5,71.0,1011.3,107.0,368.0,Safe
29.4,71.0,1011.29,108.0,367.0,Safe
29.4,71.0,1011.3,107.0,369.0,Safe
29.4,71.0,1011.31,107.0,373.0,Safe
29.5,71.0,1011.24,108.0,370.0,Safe
29.4,71.0,1011.32,108.0,373.0,Safe
29.4,71.0,1011.29,107.0,370.0,Safe
29.4,71.0,1011.32,108.0,370.0,Safe
29.4,71.0,1011.27,108.0,372.0,Safe
29.5,71.0,1011.29,108.0,369.0,Safe
29.4,71.0,1011.32,108.0,367.0,Safe
29.4,71.0,1011.28,108.0,368.0,Safe
29.4,71.0,1011.26,108.0,370.0,Safe
29.4,71.0,1011.32,108.0,370.0,Safe
29.4,71.0,1011.28,108.0,374.0,Safe
29.4,71.0,1011.29,108.0,368.0,Safe
29.4,71.0,1011.35,108.0,368.0,Safe
29.5,71.0,1011.34,108.0,369.0,Safe
29.5,71.0,1011.34,108.0,369.0,Safe
29.4,71.0,1011.26,108.0,371.0,Safe
29.4,71.0,1011.31,108.0,369.0,Safe
29.4,71.0,1011.29,108.0,365.0,Safe
29.4,71.0,1011.26,108.0,370.0,Safe
29.4,71.0,1011.34,108.0,369.0,Safe
29.4,71.0,1011.27,108.0,373.0,Safe
29.4,71.0,1011.28,108.0,371.0,Safe
29.4,71.0,1011.3,110.0,370.0,Safe
29.4,71.0,1011.25,110.0,372.0,Safe
29.4,71.0,1011.25,111.0,371.0,Safe
29.4,71.0,1011.25,111.0,369.0,Safe
29.4,71.0,1011.27,111.0,368.0,Safe
29.4,71.0,1011.29,111.0,374.0,Safe
29.4,71.0,1011.22,110.0,375.0,Safe
29.4,71.0,1011.26,110.0,370.0,Safe
29.4,71.0,1011.27,110.0,371.0,Safe
29.4,71.0,1011.28,109.0,371.0,Safe
29.4,71.0,1011.32,109.0,371.0,Safe
29.4,71.0,1011.24,109.0,367.0,Safe
29.4,71.0,1011.31,110.0,365.0,Safe
29.4,71.0,1011.28,109.0,372.0,Safe
29.4,71.0,1011.3,109.0,373.0,Safe
29.4,71.0,1011.3,109.0,369.0,Safe
29.4,71.0,1011.31,109.0,369.0,Safe
29.4,71.0,1011.33,109.0,368.0,Safe
29.4,71.0,1011.23,109.0,369.0,Safe
29.4,71.0,1011.29,109.0,371.0,Safe
29.4,71.0,1011.26,109.0,372.0,Safe
29.4,71.0,1011.29,109.0,371.0,Safe
29.4,71.0,1011.33,109.0,373.0,Safe
29.4,71.0,1011.31,109.0,368.0,Safe
29.4,71.0,1011.31,109.0,369.0,Safe
29.4,71.0,1011.26,109.0,373.0,Safe
29.5,71.0,1011.28,110.0,372.0,Safe
29.4,71.0,1011.29,112.0,370.0,Safe
29.4,71.0,1011.29,112.0,367.0,Safe
29.4,71.0,1011.28,112.0,370.0,Safe
29.4,71.0,1011.24,108.0,368.0,Safe
29.4,71.0,1011.2,110.0,371.0,Safe
29.4,71.0,1011.18,110.0,372.0,Safe
29.4,71.0,1011.16,110.0,369.0,Safe
29.4,71.0,1011.21,110.0,367.0,Safe
29.4,71.0,1011.17,110.0,368.0,Safe
29.4,71.0,1011.2,110.0,368.0,Safe
29.4,71.0,1011.19,110.0,368.0,Safe
29.4,71.0,1011.16,110.0,373.0,Safe
29.4,71.0,1011.2,110.0,367.0,Safe
29.4,71.0,1011.23,110.0,370.0,Safe
29.4,71.0,1011.19,110.0,368.0,Safe
29.4,71.0,1011.25,110.0,373.0,Safe
29.4,71.0,1011.18,110.0,370.0,Safe
29.4,71.0,1011.17,110.0,372.0,Safe
29.4,71.0,1011.22,110.0,369.0,Safe
29.4,71.0,1011.24,110.0,369.0,Safe
29.4,71.0,1011.21,110.0,367.0,Safe
29.4,71.0,1011.17,111.0,370.0,Safe
29.4,71.0,1011.21,111.0,368.0,Safe
29.4,71.0,1011.19,110.0,369.0,Safe
29.4,71.0,1011.18,110.0,368.0,Safe
29.4,71.0,1011.18,110.0,368.0,Safe
29.4,71.0,1011.2,110.0,370.0,Safe
29.4,71.0,1011.16,110.0,371.0,Safe
29.4,71.0,1011.21,112.0,369.0,Safe
29.4,71.0,1011.17,112.0,369.0,Safe
29.4,71.0,1011.18,111.0,364.0,Safe
29.4,71.0,1011.21,111.0,369.0,Safe
29.4,71.0,1011.23,111.0,367.0,Safe
29.4,71.0,1011.21,111.0,373.0,Safe
29.4,71.0,1011.25,111.0,368.0,Safe
29.4,71.0,1011.22,111.0,371.0,Safe
29.4,71.0,1011.22,114.0,370.0,Safe
29.4,71.0,1011.18,114.0,367.0,Safe
29.4,71.0,1011.17,114.0,371.0,Safe
29.4,71.0,1011.23,115.0,370.0,Safe
29.4,71.0,1011.2,114.0,373.0,Safe
29.4,71.0,1011.23,114.0,365.0,Safe
29.4,71.0,1011.16,113.0,368.0,Safe
29.4,71.0,1011.2,114.0,367.0,Safe
29.4,71.0,1011.21,114.0,367.0,Safe
29.4,71.0,1011.18,114.0,371.0,Safe
29.4,71.0,1011.19,114.0,373.0,Safe
29.4,71.0,1011.21,114.0,371.0,Safe
29.4,71.0,1011.26,114.0,370.0,Safe
29.4,71.0,1011.19,114.0,371.0,Safe
29.4,71.0,1011.22,114.0,371.0,Safe
29.4,71.0,1011.2,114.0,366.0,Safe
29.5,71.0,1011.24,114.0,369.0,Safe
29.4,71.0,1011.24,114.0,373.0,Safe
29.4,71.0,1011.2,114.0,367.0,Safe
29.4,71.0,1011.23,114.0,372.0,Safe
29.4,71.0,1011.21,113.0,370.0,Safe
29.4,71.0,1011.22,114.0,369.0,Safe
29.4,71.0,1011.22,114.0,368.0,Safe
29.4,71.0,1011.23,114.0,372.0,Safe
29.4,71.0,1011.21,114.0,372.0,Safe
29.4,71.0,1011.2,114.0,370.0,Safe
29.4,71.0,1011.19,115.0,368.0,Safe
29.4,71.0,1011.2,116.0,368.0,Safe
29.4,71.0,1011.27,115.0,370.0,Safe
29.4,71.0,1011.26,115.0,365.0,Safe
29.4,71.0,1011.22,114.0,372.0,Safe
29.4,71.0,1011.21,114.0,367.0,Safe
29.4,71.0,1011.25,114.0,366.0,Safe
29.4,71.0,1011.17,114.0,369.0,Safe
29.4,71.0,1011.25,114.0,374.0,Safe
29.4,71.0,1011.17,114.0,369.0,Safe
29.4,71.0,1011.24,113.0,373.0,Safe
29.4,71.0,1011.19,113.0,371.0,Safe
29.4,71.0,1011.18,113.0,363.0,Safe
29.4,71.0,1011.24,113.0,367.0,Safe
29.4,71.0,1011.2,113.0,371.0,Safe
29.4,71.0,1011.22,113.0,373.0,Safe
29.4,71.0,1011.2,113.0,369.0,Safe
29.4,70.0,1011.22,113.0,367.0,Safe
29.4,71.0,1011.27,113.0,367.0,Safe
29.4,70.0,1011.2,113.0,364.0,Safe
29.4,70.0,1011.21,113.0,370.0,Safe
29.4,70.0,1011.2,113.0,368.0,Safe
29.4,71.0,1011.23,113.0,370.0,Safe
29.4,71.0,1011.23,112.0,367.0,Safe
29.4,70.0,1011.23,113.0,370.0,Safe
29.4,71.0,1011.25,113.0,370.0,Safe
29.4,71.0,1011.2,113.0,366.0,Safe
29.4,71.0,1011.21,113.0,367.0,Safe
29.4,71.0,1011.25,112.0,371.0,Safe
29.4,70.0,1011.22,112.0,367.0,Safe
29.4,71.0,1011.23,113.0,368.0,Safe
29.4,71.0,1011.2,113.0,370.0,Safe
29.4,71.0,1011.26,113.0,365.0,Safe
29.4,71.0,1011.24,113.0,366.0,Safe
29.4,71.0,1011.26,113.0,370.0,Safe
29.4,70.0,1011.24,113.0,367.0,Safe
29.4,71.0,1011.22,113.0,366.0,Safe
29.4,70.0,1011.23,113.0,367.0,Safe
29.4,70.0,1011.22,113.0,367.0,Safe
29.4,70.0,1011.21,113.0,370.0,Safe
29.4,71.0,1011.22,113.0,369.0,Safe
29.4,71.0,1011.25,115.0,366.0,Safe
29.4,71.0,1011.2,113.0,367.0,Safe
29.4,71.0,1011.13,113.0,370.0,Safe
29.4,70.0,1011.23,113.0,366.0,Safe
29.4,71.0,1011.27,112.0,365.0,Safe
29.4,71.0,1011.21,113.0,367.0,Safe
29.4,70.0,1011.24,112.0,373.0,Safe
29.4,71.0,1011.24,112.0,370.0,Safe
29.4,70.0,1011.22,112.0,368.0,Safe
29.4,70.0,1011.26,112.0,370.0,Safe
29.4,70.0,1011.19,113.0,371.0,Safe
29.4,71.0,1011.28,112.0,369.0,Safe
29.4,71.0,1011.2,112.0,367.0,Safe
29.4,70.0,1011.23,112.0,370.0,Safe
29.4,71.0,1011.23,112.0,366.0,Safe
29.4,70.0,1011.25,112.0,368.0,Safe
29.4,71.0,1011.26,113.0,372.0,Safe
29.4,70.0,1011.23,112.0,372.0,Safe
29.4,70.0,1011.2,112.0,369.0,Safe
29.4,70.0,1011.23,112.0,371.0,Safe
29.4,70.0,1011.2,112.0,371.0,Safe
29.4,70.0,1011.28,112.0,369.0,Safe
29.4,71.0,1011.33,112.0,366.0,Safe
29.4,70.0,1011.23,112.0,368.0,Safe
29.4,70.0,1011.23,112.0,371.0,Safe
29.4,71.0,1011.26,112.0,366.0,Safe
29.4,70.0,1011.21,112.0,372.0,Safe
29.4,71.0,1011.24,112.0,368.0,Safe
29.4,70.0,1011.23,112.0,366.0,Safe
29.4,71.0,1011.18,112.0,367.0,Safe
29.4,71.0,1011.28,112.0,368.0,Safe
29.4,70.0,1011.25,111.0,371.0,Safe
29.4,71.0,1011.27,112.0,364.0,Safe
29.4,71.0,1011.29,112.0,365.0,Safe
29.4,70.0,1011.27,112.0,373.0,Safe
29.4,70.0,1011.22,112.0,368.0,Safe
29.4,70.0,1011.28,112.0,368.0,Safe
29.4,70.0,1011.19,112.0,369.0,Safe
29.4,71.0,1011.18,112.0,367.0,Safe
29.4,71.0,1011.23,112.0,371.0,Safe
29.4,70.0,1011.27,112.0,371.0,Safe
29.4,70.0,1011.26,112.0,370.0,Safe
29.4,71.0,1011.22,112.0,371.0,Safe
29.4,71.0,1011.25,112.0,366.0,Safe
29.4,71.0,1011.27,112.0,372.0,Safe
29.4,70.0,1011.23,112.0,367.0,Safe
29.4,71.0,1011.24,112.0,367.0,Safe
29.4,71.0,1011.27,112.0,371.0,Safe
29.4,71.0,1011.24,111.0,369.0,Safe
29.4,71.0,1011.24,111.0,369.0,Safe
29.4,70.0,1011.28,112.0,369.0,Safe
29.4,71.0,1011.21,112.0,366.0,Safe
29.4,71.0,1011.27,112.0,371.0,Safe
29.4,70.0,1011.26,112.0,366.0,Safe
29.4,70.0,1011.29,112.0,368.0,Safe
29.4,71.0,1011.3,112.0,372.0,Safe
29.4,70.0,1011.27,112.0,369.0,Safe
29.4,71.0,1011.26,112.0,374.0,Safe
29.4,70.0,1011.24,112.0,369.0,Safe
29.4,71.0,1011.31,111.0,365.0,Safe
29.4,71.0,1011.2,111.0,371.0,Safe
29.4,71.0,1011.25,112.0,370.0,Safe
29.4,70.0,1011.27,112.0,371.0,Safe
29.4,70.0,1011.33,112.0,367.0,Safe
29.4,70.0,1011.24,112.0,368.0,Safe
29.4,70.0,1011.3,112.0,371.0,Safe
29.4,71.0,1011.29,111.0,368.0,Safe
29.4,71.0,1011.35,112.0,375.0,Safe
29.4,71.0,1011.27,112.0,369.0,Safe
29.4,70.0,1011.21,112.0,366.0,Safe
29.4,70.0,1011.25,112.0,371.0,Safe
29.4,70.0,1011.3,112.0,367.0,Safe
29.4,71.0,1011.32,111.0,372.0,Safe
29.4,71.0,1011.27,112.0,370.0,Safe
29.4,71.0,1011.33,109.0,367.0,Safe
29.4,71.0,1011.37,111.0,369.0,Safe
29.4,71.0,1011.34,111.0,368.0,Safe
29.4,71.0,1011.35,111.0,370.0,Safe
29.4,70.0,1011.32,111.0,368.0,Safe
29.4,70.0,1011.35,111.0,371.0,Safe
29.4,70.0,1011.31,111.0,367.0,Safe
29.4,70.0,1011.31,111.0,371.0,Safe
29.4,70.0,1011.29,111.0,365.0,Safe
29.4,70.0,1011.25,111.0,369.0,Safe
29.4,71.0,1011.29,111.0,372.0,Safe
29.4,70.0,1011.36,111.0,367.0,Safe
29.4,70.0,1011.3,111.0,370.0,Safe
29.4,70.0,1011.31,111.0,372.0,Safe
29.4,71.0,1011.27,111.0,369.0,Safe
29.4,71.0,1011.34,110.0,372.0,Safe
29.4,71.0,1011.35,111.0,370.0,Safe
29.4,71.0,1011.3,111.0,372.0,Safe
29.4,71.0,1011.32,111.0,368.0,Safe
29.4,70.0,1011.37,111.0,372.0,Safe
29.4,70.0,1011.34,111.0,372.0,Safe
29.4,71.0,1011.27,111.0,368.0,Safe
29.4,71.0,1011.33,110.0,371.0,Safe
29.4,70.0,1011.33,111.0,374.0,Safe
29.4,71.0,1011.36,110.0,370.0,Safe
29.4,71.0,1011.29,110.0,367.0,Safe
29.4,70.0,1011.33,110.0,372.0,Safe
29.4,71.0,1011.32,110.0,365.0,Safe
29.4,71.0,1011.27,111.0,374.0,Safe
29.4,71.0,1011.32,110.0,370.0,Safe
29.4,70.0,1011.26,111.0,371.0,Safe
29.4,70.0,1011.25,111.0,369.0,Safe
29.4,71.0,1011.33,111.0,374.0,Safe
29.4,71.0,1011.35,111.0,371.0,Safe
29.4,70.0,1011.32,111.0,374.0,Safe
29.4,70.0,1011.33,111.0,369.0,Safe
29.4,71.0,1011.32,111.0,374.0,Safe
29.4,71.0,1011.3,111.0,370.0,Safe
29.4,71.0,1011.33,111.0,369.0,Safe
29.4,70.0,1011.3,111.0,370.0,Safe
29.4,71.0,1011.3,111.0,368.0,Safe
29.4,70.0,1011.29,111.0,371.0,Safe
29.4,71.0,1011.28,111.0,370.0,Safe
29.4,71.0,1011.28,111.0,370.0,Safe
29.4,70.0,1011.28,111.0,371.0,Safe
29.4,70.0,1011.32,111.0,372.0,Safe
29.4,71.0,1011.26,111.0,371.0,Safe
29.4,70.0,1011.23,111.0,369.0,Safe
29.4,71.0,1011.3,111.0,369.0,Safe
29.4,70.0,1011.3,111.0,370.0,Safe
29.4,71.0,1011.3,111.0,369.0,Safe
29.4,71.0,1011.27,112.0,369.0,Safe
29.4,70.0,1011.24,112.0,371.0,Safe
29.4,71.0,1011.27,112.0,371.0,Safe
29.4,71.0,1011.33,111.0,370.0,Safe
29.4,70.0,1011.26,111.0,373.0,Safe
29.4,71.0,1011.29,111.0,365.0,Safe
29.4,71.0,1011.31,111.0,375.0,Safe
29.4,70.0,1011.26,111.0,371.0,Safe
29.4,70.0,1011.33,111.0,374.0,Safe
29.4,70.0,1011.28,111.0,369.0,Safe
29.4,71.0,1011.29,111.0,374.0,Safe
29.4,70.0,1011.29,111.0,368.0,Safe
29.4,70.0,1011.28,111.0,371.0,Safe
29.4,70.0,1011.24,111.0,372.0,Safe
29.4,70.0,1011.27,111.0,370.0,Safe
29.4,70.0,1011.25,111.0,370.0,Safe
29.4,71.0,1011.25,111.0,372.0,Safe
29.4,71.0,1011.29,111.0,374.0,Safe
29.4,71.0,1011.29,111.0,370.0,Safe
29.4,70.0,1011.3,111.0,368.0,Safe
29.4,70.0,1011.29,111.0,369.0,Safe
29.4,71.0,1011.31,111.0,366.0,Safe
29.4,71.0,1011.27,111.0,368.0,Safe
29.4,70.0,1011.29,111.0,368.0,Safe
29.4,70.0,1011.32,111.0,373.0,Safe
29.4,71.0,1011.28,111.0,371.0,Safe
29.4,71.0,1011.3,111.0,373.0,Safe
29.4,70.0,1011.27,111.0,368.0,Safe
29.4,70.0,1011.29,111.0,369.0,Safe
29.4,70.0,1011.29,111.0,369.0,Safe
29.4,71.0,1011.31,111.0,369.0,Safe
29.4,71.0,1011.29,111.0,372.0,Safe
29.4,70.0,1011.26,111.0,372.0,Safe
29.4,71.0,1011.3,111.0,372.0,Safe
29.4,70.0,1011.3,111.0,369.0,Safe
29.4,70.0,1011.32,111.0,365.0,Safe
29.4,71.0,1011.31,111.0,369.0,Safe
29.4,70.0,1011.26,111.0,369.0,Safe
29.4,71.0,1011.21,111.0,371.0,Safe
29.4,70.0,1011.21,111.0,370.0,Safe
29.4,71.0,1011.24,111.0,372.0,Safe
29.4,70.0,1011.25,111.0,372.0,Safe
29.4,71.0,1011.23,111.0,369.0,Safe
29.4,70.0,1011.28,111.0,375.0,Safe
29.4,70.0,1011.27,111.0,372.0,Safe
29.4,70.0,1011.24,111.0,371.0,Safe
29.4,70.0,1011.22,111.0,373.0,Safe
29.4,71.0,1011.27,111.0,373.0,Safe
29.4,70.0,1011.26,111.0,374.0,Safe
29.4,71.0,1011.24,111.0,371.0,Safe
29.4,70.0,1011.28,111.0,366.0,Safe
29.4,71.0,1011.21,111.0,374.0,Safe
29.4,70.0,1011.31,111.0,373.0,Safe
29.4,70.0,1011.29,111.0,367.0,Safe
29.4,71.0,1011.28,111.0,371.0,Safe
29.4,71.0,1011.2,111.0,371.0,Safe
29.4,70.0,1011.27,111.0,369.0,Safe
29.4,70.0,1011.33,111.0,375.0,Safe
29.4,71.0,1011.29,111.0,373.0,Safe
29.4,71.0,1011.25,111.0,371.0,Safe
29.4,70.0,1011.23,111.0,371.0,Safe
29.4,71.0,1011.27,111.0,371.0,Safe
29.4,70.0,1011.31,111.0,370.0,Safe
29.4,70.0,1011.29,111.0,372.0,Safe
29.4,70.0,1011.22,111.0,370.0,Safe
29.4,70.0,1011.22,111.0,371.0,Safe
29.4,71.0,1011.3,111.0,369.0,Safe
29.4,71.0,1011.24,111.0,372.0,Safe
29.4,71.0,1011.32,111.0,370.0,Safe
29.4,71.0,1011.3,111.0,372.0,Safe
29.4,71.0,1011.26,111.0,371.0,Safe
29.4,71.0,1011.24,111.0,373.0,Safe
29.4,70.0,1011.24,112.0,375.0,Safe
29.4,70.0,1011.19,111.0,374.0,Safe
29.4,71.0,1011.28,111.0,369.0,Safe
29.4,71.0,1011.27,111.0,373.0,Safe
29.4,71.0,1011.23,111.0,375.0,Safe
29.4,71.0,1011.24,112.0,369.0,Safe
29.4,70.0,1011.27,111.0,367.0,Safe
29.4,71.0,1011.25,111.0,374.0,Safe
29.4,70.0,1011.26,111.0,369.0,Safe
29.4,71.0,1011.29,111.0,366.0,Safe
29.4,70.0,1011.25,111.0,375.0,Safe
29.4,71.0,1011.27,111.0,370.0,Safe
29.4,71.0,1011.24,111.0,369.0,Safe
29.4,70.0,1011.23,111.0,371.0,Safe
29.4,71.0,1011.26,111.0,374.0,Safe
29.4,71.0,1011.24,111.0,373.0,Safe
29.4,71.0,1011.21,111.0,371.0,Safe
29.4,70.0,1011.27,111.0,374.0,Safe
29.4,70.0,1011.23,111.0,372.0,Safe
29.4,70.0,1011.28,112.0,368.0,Safe
29.4,71.0,1011.27,112.0,374.0,Safe
29.4,70.0,1011.28,111.0,372.0,Safe
29.4,71.0,1011.29,111.0,375.0,Safe
29.4,71.0,1011.24,111.0,371.0,Safe
29.4,70.0,1011.28,111.0,375.0,Safe
29.4,71.0,1011.3,111.0,373.0,Safe
29.4,70.0,1011.24,111.0,372.0,Safe
29.4,70.0,1011.27,111.0,370.0,Safe
29.4,71.0,1011.24,111.0,375.0,Safe
29.4,70.0,1011.28,111.0,370.0,Safe
29.4,71.0,1011.25,111.0,370.0,Safe
29.4,71.0,1011.29,111.0,374.0,Safe
29.4,70.0,1011.26,111.0,370.0,Safe
29.4,71.0,1011.25,111.0,369.0,Safe
29.4,70.0,1011.26,112.0,370.0,Safe
29.4,71.0,1011.24,112.0,369.0,Safe
29.4,71.0,1011.22,111.0,369.0,Safe
29.4,71.0,1011.33,111.0,375.0,Safe
29.4,71.0,1011.29,111.0,375.0,Safe
29.4,70.0,1011.27,111.0,368.0,Safe
29.4,70.0,1011.19,111.0,376.0,Safe
29.4,71.0,1011.24,111.0,374.0,Safe
29.4,70.0,1011.22,111.0,370.0,Safe
29.4,70.0,1011.22,111.0,372.0,Safe
29.4,71.0,1011.2,111.0,374.0,Safe
29.4,70.0,1011.18,112.0,371.0,Safe
29.4,71.0,1011.18,111.0,369.0,Safe
29.4,70.0,1011.28,111.0,370.0,Safe
29.4,70.0,1011.24,111.0,371.0,Safe
29.4,71.0,1011.2,111.0,371.0,Safe
29.4,70.0,1011.18,111.0,370.0,Safe
29.3,71.0,1011.18,111.0,375.0,Safe
29.4,71.0,1011.23,111.0,374.0,Safe
29.4,70.0,1011.2,111.0,370.0,Safe
29.4,70.0,1011.23,111.0,376.0,Safe
29.4,70.0,1011.21,111.0,370.0,Safe
29.3,70.0,1011.22,111.0,370.0,Safe
29.3,71.0,1011.25,111.0,373.0,Safe
29.4,70.0,1011.21,111.0,374.0,Safe
29.4,71.0,1011.21,111.0,374.0,Safe
29.3,71.0,1011.22,111.0,372.0,Safe
29.3,70.0,1011.24,111.0,375.0,Safe
29.3,71.0,1011.22,111.0,375.0,Safe
29.3,71.0,1011.19,111.0,369.0,Safe
29.4,71.0,1011.21,111.0,376.0,Safe
29.3,70.0,1011.22,111.0,371.0,Safe
29.3,71.0,1011.2,111.0,370.0,Safe
29.3,71.0,1011.23,111.0,368.0,Safe
29.4,70.0,1011.21,111.0,370.0,Safe
29.4,70.0,1011.17,111.0,372.0,Safe
29.4,70.0,1011.21,111.0,368.0,Safe
29.3,70.0,1011.19,111.0,374.0,Safe
29.4,70.0,1011.19,111.0,375.0,Safe
29.3,71.0,1011.19,111.0,371.0,Safe
29.3,70.0,1011.24,111.0,375.0,Safe
29.3,70.0,1011.22,111.0,373.0,Safe
29.4,70.0,1011.23,111.0,371.0,Safe
29.4,71.0,1011.18,111.0,371.0,Safe
29.4,70.0,1011.19,111.0,374.0,Safe
29.3,71.0,1011.21,111.0,370.0,Safe
29.4,70.0,1011.2,111.0,374.0,Safe
29.4,70.0,1011.25,111.0,370.0,Safe
29.4,70.0,1011.22,111.0,373.0,Safe
29.3,71.0,1011.22,111.0,371.0,Safe
29.4,70.0,1011.16,111.0,371.0,Safe
29.4,71.0,1011.22,111.0,374.0,Safe
29.3,70.0,1011.2,111.0,372.0,Safe
29.4,70.0,1011.19,111.0,372.0,Safe
29.4,70.0,1011.19,111.0,374.0,Safe
29.4,71.0,1011.24,111.0,369.0,Safe
29.4,71.0,1011.17,111.0,371.0,Safe
29.3,71.0,1011.16,111.0,367.0,Safe
29.4,70.0,1011.16,111.0,373.0,Safe
29.4,70.0,1011.21,111.0,369.0,Safe
29.4,71.0,1011.19,112.0,369.0,Safe
29.3,71.0,1011.19,111.0,368.0,Safe
29.4,71.0,1011.23,111.0,371.0,Safe
29.4,71.0,1011.21,111.0,372.0,Safe
29.4,70.0,1011.19,111.0,370.0,Safe
29.4,71.0,1011.18,112.0,372.0,Safe
29.3,71.0,1011.22,111.0,370.0,Safe
29.4,70.0,1011.16,112.0,370.0,Safe
29.4,70.0,1011.19,111.0,371.0,Safe
29.3,70.0,1011.19,111.0,375.0,Safe
29.3,70.0,1011.25,111.0,372.0,Safe
29.3,70.0,1011.16,111.0,368.0,Safe
29.3,70.0,1011.15,111.0,368.0,Safe
29.4,70.0,1011.16,111.0,373.0,Safe
29.4,71.0,1011.19,111.0,373.0,Safe
29.4,71.0,1011.22,111.0,371.0,Safe
29.4,71.0,1011.16,111.0,372.0,Safe
29.3,70.0,1011.22,111.0,372.0,Safe
29.3,70.0,1011.2,111.0,370.0,Safe
29.4,70.0,1011.13,111.0,368.0,Safe
29.3,71.0,1011.21,111.0,372.0,Safe
29.3,71.0,1011.21,111.0,375.0,Safe
29.3,70.0,1011.14,111.0,372.0,Safe
29.3,71.0,1011.22,111.0,371.0,Safe
29.3,70.0,1011.22,111.0,375.0,Safe
29.3,70.0,1011.2,111.0,370.0,Safe
29.3,70.0,1011.22,111.0,369.0,Safe
29.4,71.0,1011.15,111.0,369.0,Safe
29.3,71.0,1011.15,111.0,372.0,Safe
29.3,70.0,1011.11,111.0,372.0,Safe
29.4,70.0,1011.13,111.0,370.0,Safe
29.4,70.0,1011.14,111.0,374.0,Safe
29.3,70.0,1011.18,111.0,372.0,Safe
29.3,70.0,1011.18,111.0,370.0,Safe
29.3,71.0,1011.17,111.0,374.0,Safe
29.4,70.0,1011.11,111.0,371.0,Safe
29.3,70.0,1011.19,126.0,384.0,Safe
29.3,71.0,1011.13,126.0,376.0,Safe
29.3,70.0,1011.12,110.0,372.0,Safe
29.3,71.0,1011.14,104.0,372.0,Safe
29.3,70.0,1011.13,114.0,380.0,Safe
29.3,70.0,1011.14,114.0,377.0,Safe
29.3,70.0,1011.15,112.0,370.0,Safe
29.3,71.0,1011.14,111.0,363.0,Safe
29.3,70.0,1011.12,111.0,372.0,Safe
29.3,71.0,1011.13,110.0,360.0,Safe
29.3,71.0,1011.15,111.0,361.0,Safe
29.3,71.0,1011.21,111.0,362.0,Safe
29.3,70.0,1011.09,110.0,360.0,Safe
29.3,70.0,1011.11,110.0,362.0,Safe
29.3,70.0,1011.15,110.0,362.0,Safe
29.3,70.0,1011.12,110.0,371.0,Safe
29.3,70.0,1011.18,110.0,364.0,Safe
29.3,71.0,1011.12,109.0,372.0,Safe
29.3,70.0,1011.1,109.0,372.0,Safe
29.3,71.0,1011.16,109.0,369.0,Safe
29.3,70.0,1011.16,109.0,365.0,Safe
29.3,71.0,1011.2,109.0,361.0,Safe
29.3,70.0,1011.12,109.0,363.0,Safe
29.3,70.0,1011.17,108.0,363.0,Safe
29.3,71.0,1011.13,108.0,368.0,Safe
29.3,70.0,1011.16,108.0,368.0,Safe
29.3,71.0,1011.11,108.0,374.0,Safe
29.3,70.0,1011.1,108.0,368.0,Safe
29.3,70.0,1011.12,108.0,365.0,Safe
29.3,70.0,1011.13,109.0,373.0,Safe
29.3,71.0,1011.11,109.0,371.0,Safe
29.3,70.0,1011.09,109.0,371.0,Safe
29.3,71.0,1011.17,109.0,372.0,Safe
29.3,70.0,1011.14,109.0,375.0,Safe
29.3,70.0,1011.14,109.0,370.0,Safe
29.3,71.0,1011.1,109.0,371.0,Safe
29.3,71.0,1011.14,109.0,376.0,Safe
29.3,71.0,1011.1,108.0,375.0,Safe
29.3,70.0,1011.16,108.0,370.0,Safe
29.3,70.0,1011.11,108.0,371.0,Safe
29.3,70.0,1011.12,108.0,376.0,Safe
29.3,70.0,1011.14,108.0,377.0,Safe
29.3,71.0,1011.13,109.0,377.0,Safe
29.3,70.0,1011.07,110.0,384.0,Safe
29.3,71.0,1011.13,110.0,386.0,Safe
29.3,71.0,1011.09,110.0,386.0,Safe
29.3,71.0,1011.15,109.0,390.0,Safe
29.3,70.0,1011.14,110.0,388.0,Safe
29.3,70.0,1011.14,110.0,387.0,Safe
29.3,70.0,1011.16,110.0,384.0,Safe
29.3,70.0,1011.16,109.0,391.0,Safe
29.3,71.0,1011.17,109.0,389.0,Safe
29.3,70.0,1011.15,109.0,388.0,Safe
29.3,71.0,1011.12,109.0,388.0,Safe
29.3,71.0,1011.14,109.0,384.0,Safe
29.3,70.0,1011.2,109.0,384.0,Safe
29.3,70.0,1011.17,109.0,391.0,Safe
29.3,70.0,1011.16,109.0,387.0,Safe
29.3,70.0,1011.12,109.0,387.0,Safe
29.3,70.0,1011.14,109.0,386.0,Safe
29.3,70.0,1011.14,109.0,387.0,Safe
29.3,70.0,1011.16,108.0,391.0,Safe
29.3,70.0,1011.08,109.0,387.0,Safe
29.3,71.0,1011.16,109.0,394.0,Safe
29.3,71.0,1011.16,109.0,389.0,Safe
29.3,70.0,1011.12,109.0,385.0,Safe
29.3,70.0,1011.11,108.0,392.0,Safe
29.3,70.0,1011.09,108.0,391.0,Safe
29.3,70.0,1011.12,109.0,390.0,Safe
29.3,70.0,1011.1,108.0,382.0,Safe
29.3,70.0,1011.12,108.0,396.0,Safe
29.3,70.0,1011.14,108.0,391.0,Safe
29.3,70.0,1011.13,109.0,391.0,Safe
29.3,70.0,1011.17,109.0,386.0,Safe
29.3,70.0,1011.18,108.0,391.0,Safe
29.3,70.0,1011.07,108.0,388.0,Safe
29.3,70.0,1011.19,108.0,394.0,Safe
29.3,70.0,1011.15,108.0,388.0,Safe
29.3,70.0,1011.18,109.0,392.0,Safe
29.3,70.0,1011.18,109.0,386.0,Safe
29.3,70.0,1011.15,108.0,396.0,Safe
29.3,70.0,1011.14,108.0,390.0,Safe
29.3,70.0,1011.13,108.0,396.0,Safe
29.3,70.0,1011.13,108.0,390.0,Safe
29.3,70.0,1011.13,108.0,392.0,Safe
29.3,70.0,1011.18,108.0,390.0,Safe
29.3,70.0,1011.11,108.0,390.0,Safe
29.3,70.0,1011.1,108.0,391.0,Safe
29.3,70.0,1011.16,108.0,391.0,Safe
29.3,70.0,1011.11,108.0,396.0,Safe
29.3,70.0,1011.14,108.0,391.0,Safe
29.3,70.0,1011.17,108.0,388.0,Safe
29.3,70.0,1011.17,108.0,393.0,Safe
29.3,70.0,1011.16,108.0,390.0,Safe
29.3,70.0,1011.19,108.0,388.0,Safe
29.3,70.0,1011.17,108.0,393.0,Safe
29.3,70.0,1011.18,108.0,395.0,Safe
29.3,70.0,1011.17,108.0,395.0,Safe
29.3,70.0,1011.23,108.0,394.0,Safe
29.3,70.0,1011.18,108.0,394.0,Safe
29.3,70.0,1011.15,108.0,389.0,Safe
29.3,70.0,1011.17,108.0,390.0,Safe
29.3,70.0,1011.21,108.0,396.0,Safe
29.3,70.0,1011.19,108.0,395.0,Safe
29.3,70.0,1011.14,107.0,390.0,Safe
29.3,70.0,1011.17,107.0,395.0,Safe
29.3,70.0,1011.2,107.0,394.0,Safe
29.3,70.0,1011.16,107.0,396.0,Safe
29.3,70.0,1011.19,107.0,394.0,Safe
29.3,70.0,1011.17,107.0,395.0,Safe
29.2,70.0,1011.2,107.0,393.0,Safe
29.2,70.0,1011.18,107.0,397.0,Safe
29.3,70.0,1011.2,107.0,394.0,Safe
29.3,70.0,1011.21,107.0,394.0,Safe
29.3,70.0,1011.25,107.0,398.0,Safe
29.3,70.0,1011.22,107.0,395.0,Safe
29.2,70.0,1011.2,107.0,392.0,Safe
29.2,70.0,1011.23,107.0,397.0,Safe
29.3,70.0,1011.25,107.0,396.0,Safe
29.3,70.0,1011.18,107.0,386.0,Safe
29.3,70.0,1011.18,107.0,397.0,Safe
29.2,70.0,1011.18,107.0,394.0,Safe
29.2,70.0,1011.22,107.0,393.0,Safe
29.3,70.0,1011.19,107.0,400.0,Safe
29.3,70.0,1011.23,107.0,402.0,VehiclePoll
29.2,70.0,1011.21,109.0,396.0,Safe
29.2,70.0,1011.22,106.0,403.0,VehiclePoll
29.2,70.0,1011.23,109.0,389.0,Safe
29.2,70.0,1011.21,106.0,396.0,Safe
29.2,70.0,1011.25,107.0,392.0,Safe
29.2,70.0,1011.21,107.0,394.0,Safe
29.2,70.0,1011.17,107.0,398.0,Safe
29.2,70.0,1011.16,107.0,400.0,Safe
29.2,70.0,1011.16,107.0,397.0,Safe
29.2,70.0,1011.23,107.0,401.0,VehiclePoll
29.2,70.0,1011.27,109.0,396.0,Safe
29.2,70.0,1011.19,107.0,391.0,Safe
29.2,70.0,1011.2,107.0,400.0,Safe
29.2,70.0,1011.2,107.0,397.0,Safe
29.2,70.0,1011.27,107.0,393.0,Safe
29.2,70.0,1011.21,107.0,395.0,Safe
29.2,70.0,1011.2,107.0,395.0,Safe
29.2,70.0,1011.22,107.0,395.0,Safe
29.2,70.0,1011.23,107.0,397.0,Safe
29.2,70.0,1011.21,107.0,399.0,Safe
29.2,70.0,1011.23,107.0,399.0,Safe
29.2,70.0,1011.23,107.0,396.0,Safe
29.2,70.0,1011.38,107.0,397.0,Safe
29.2,70.0,1011.24,107.0,395.0,Safe
29.2,70.0,1011.23,107.0,398.0,Safe
29.2,70.0,1011.36,107.0,396.0,Safe
29.2,70.0,1011.35,107.0,398.0,Safe
29.2,70.0,1011.27,107.0,398.0,Safe
29.2,70.0,1011.33,107.0,396.0,Safe
29.2,70.0,1011.28,106.0,404.0,VehiclePoll
29.2,70.0,1011.35,109.0,398.0,Safe
29.2,70.0,1011.34,106.0,398.0,Safe
29.2,70.0,1011.37,106.0,398.0,Safe
29.2,70.0,1011.35,106.0,395.0,Safe
29.2,70.0,1011.38,106.0,393.0,Safe
29.2,70.0,1011.36,107.0,400.0,Safe
29.2,70.0,1011.32,106.0,400.0,Safe
29.2,70.0,1011.28,106.0,396.0,Safe
29.2,70.0,1011.35,107.0,396.0,Safe
29.2,70.0,1011.38,107.0,400.0,Safe
29.2,70.0,1011.31,107.0,402.0,VehiclePoll
29.2,70.0,1011.3,108.0,398.0,Safe
29.2,70.0,1011.32,107.0,396.0,Safe
29.2,70.0,1011.32,106.0,401.0,VehiclePoll
29.2,70.0,1011.36,109.0,401.0,VehiclePoll
29.2,70.0,1011.34,108.0,397.0,Safe
29.2,70.0,1011.34,107.0,398.0,Safe
29.2,70.0,1011.33,106.0,399.0,Safe
29.2,70.0,1011.33,106.0,397.0,Safe
29.2,70.0,1011.32,106.0,398.0,Safe
29.2,70.0,1011.31,106.0,399.0,Safe
29.2,70.0,1011.33,106.0,398.0,Safe
29.2,70.0,1011.32,106.0,402.0,VehiclePoll
29.2,70.0,1011.36,108.0,399.0,Safe
29.2,70.0,1011.39,107.0,398.0,Safe
29.2,70.0,1011.37,106.0,402.0,VehiclePoll
29.2,70.0,1011.34,108.0,400.0,Safe
29.2,70.0,1011.39,106.0,402.0,VehiclePoll
29.2,70.0,1011.37,108.0,398.0,Safe
29.2,70.0,1011.39,106.0,400.0,Safe
29.2,70.0,1011.41,106.0,398.0,Safe
29.2,70.0,1011.36,106.0,396.0,Safe
29.2,70.0,1011.43,106.0,403.0,VehiclePoll
29.2,70.0,1011.44,108.0,401.0,VehiclePoll
29.2,70.0,1011.42,108.0,402.0,VehiclePoll
29.2,70.0,1011.41,109.0,403.0,VehiclePoll
29.2,70.0,1011.46,108.0,403.0,VehiclePoll
29.2,70.0,1011.42,108.0,402.0,VehiclePoll
29.2,70.0,1011.4,108.0,398.0,Safe
29.2,70.0,1011.43,106.0,398.0,Safe
29.2,70.0,1011.38,106.0,400.0,Safe
29.2,70.0,1011.43,106.0,398.0,Safe
29.2,70.0,1011.48,106.0,399.0,Safe
29.2,70.0,1011.46,106.0,399.0,Safe
29.2,70.0,1011.49,106.0,400.0,Safe
29.2,70.0,1011.46,106.0,398.0,Safe
29.2,70.0,1011.4,106.0,398.0,Safe
29.2,70.0,1011.42,106.0,399.0,Safe
29.2,70.0,1011.45,106.0,402.0,VehiclePoll
29.2,70.0,1011.44,108.0,402.0,VehiclePoll
29.2,70.0,1011.48,108.0,398.0,Safe
29.2,70.0,1011.45,106.0,399.0,Safe
29.2,70.0,1011.48,106.0,395.0,Safe
29.2,70.0,1011.45,106.0,397.0,Safe
29.2,70.0,1011.48,106.0,397.0,Safe
29.2,70.0,1011.49,106.0,401.0,VehiclePoll
29.2,70.0,1011.46,108.0,399.0,Safe
29.2,70.0,1011.48,106.0,402.0,VehiclePoll
29.2,70.0,1011.51,108.0,401.0,VehiclePoll
29.2,70.0,1011.45,108.0,397.0,Safe
29.2,70.0,1011.48,106.0,398.0,Safe
29.2,70.0,1011.47,106.0,395.0,Safe
29.2,70.0,1011.46,106.0,396.0,Safe
29.2,70.0,1011.45,106.0,400.0,Safe
29.2,70.0,1011.49,105.0,396.0,Safe
29.2,70.0,1011.47,105.0,396.0,Safe
29.2,70.0,1011.51,106.0,401.0,VehiclePoll
29.2,70.0,1011.48,108.0,396.0,Safe
29.2,70.0,1011.49,105.0,401.0,VehiclePoll
29.2,70.0,1011.46,108.0,401.0,VehiclePoll
29.2,70.0,1011.52,108.0,400.0,Safe
29.2,70.0,1011.52,106.0,400.0,Safe
29.2,70.0,1011.49,105.0,400.0,Safe
29.2,70.0,1011.49,106.0,397.0,Safe
29.2,70.0,1011.52,106.0,402.0,VehiclePoll
29.2,70.0,1011.49,108.0,403.0,VehiclePoll
29.2,70.0,1011.49,108.0,404.0,VehiclePoll
29.2,70.0,1011.57,108.0,404.0,VehiclePoll
29.2,70.0,1011.48,108.0,400.0,Safe
29.2,70.0,1011.48,106.0,399.0,Safe
29.2,70.0,1011.52,106.0,401.0,VehiclePoll
29.2,70.0,1011.51,108.0,403.0,VehiclePoll
29.2,70.0,1011.57,108.0,403.0,VehiclePoll
29.2,70.0,1011.53,108.0,397.0,Safe
29.2,70.0,1011.56,106.0,397.0,Safe
29.2,70.0,1011.49,106.0,396.0,Safe
29.2,70.0,1011.56,106.0,397.0,Safe
29.2,70.0,1011.61,106.0,402.0,VehiclePoll
29.2,70.0,1011.6,108.0,398.0,Safe
29.2,70.0,1011.55,106.0,401.0,VehiclePoll
29.2,70.0,1011.51,108.0,402.0,VehiclePoll
29.2,70.0,1011.48,108.0,400.0,Safe
29.2,70.0,1011.61,106.0,401.0,VehiclePoll
29.2,70.0,1011.63,108.0,396.0,Safe
29.2,70.0,1011.64,106.0,400.0,Safe
29.2,70.0,1011.59,106.0,398.0,Safe
29.2,70.0,1011.63,106.0,402.0,VehiclePoll
29.2,70.0,1011.6,108.0,400.0,Safe
29.2,70.0,1011.6,106.0,398.0,Safe
29.2,70.0,1011.62,106.0,400.0,Safe
29.2,70.0,1011.6,106.0,397.0,Safe
29.2,70.0,1011.64,106.0,398.0,Safe
29.2,70.0,1011.63,106.0,403.0,VehiclePoll
29.2,70.0,1011.64,108.0,400.0,Safe
29.2,70.0,1011.6,105.0,397.0,Safe
29.2,70.0,1011.63,105.0,400.0,Safe
29.2,70.0,1011.6,105.0,400.0,Safe
29.2,70.0,1011.57,106.0,396.0,Safe
29.2,70.0,1011.64,106.0,396.0,Safe
29.2,70.0,1011.63,106.0,399.0,Safe
29.2,70.0,1011.67,106.0,397.0,Safe
29.2,70.0,1011.6,106.0,402.0,VehiclePoll
29.2,70.0,1011.64,108.0,396.0,Safe
29.2,70.0,1011.66,106.0,399.0,Safe
29.2,70.0,1011.59,106.0,401.0,VehiclePoll
29.2,70.0,1011.6,108.0,398.0,Safe
29.2,70.0,1011.6,106.0,397.0,Safe
29.2,70.0,1011.6,106.0,401.0,VehiclePoll
29.2,70.0,1011.6,108.0,398.0,Safe
29.2,70.0,1011.59,106.0,398.0,Safe
29.2,70.0,1011.64,106.0,397.0,Safe
29.2,70.0,1011.65,106.0,400.0,Safe
29.3,70.0,1011.62,106.0,402.0,VehiclePoll
29.2,70.0,1011.59,108.0,400.0,Safe
29.2,70.0,1011.59,106.0,402.0,VehiclePoll
29.2,70.0,1011.64,108.0,401.0,VehiclePoll
29.2,70.0,1011.62,107.0,398.0,Safe
29.3,70.0,1011.59,106.0,394.0,Safe
29.3,70.0,1011.59,106.0,399.0,Safe
29.2,70.0,1011.63,106.0,401.0,VehiclePoll
29.2,70.0,1011.62,108.0,401.0,VehiclePoll
29.3,70.0,1011.62,108.0,399.0,Safe
29.2,70.0,1011.59,106.0,400.0,Safe
29.3,70.0,1011.63,106.0,396.0,Safe
29.3,70.0,1011.63,106.0,399.0,Safe
29.3,70.0,1011.64,105.0,403.0,VehiclePoll
29.3,70.0,1011.62,108.0,403.0,VehiclePoll
29.2,70.0,1011.57,108.0,399.0,Safe
29.3,70.0,1011.6,106.0,397.0,Safe
29.3,70.0,1011.61,106.0,401.0,VehiclePoll
29.3,70.0,1011.58,108.0,401.0,VehiclePoll
29.2,70.0,1011.6,108.0,400.0,Safe
29.3,70.0,1011.6,106.0,402.0,VehiclePoll
29.3,70.0,1011.54,108.0,399.0,Safe
29.3,70.0,1011.62,106.0,398.0,Safe
29.2,70.0,1011.55,106.0,401.0,VehiclePoll
29.3,70.0,1011.62,108.0,397.0,Safe
29.3,70.0,1011.62,106.0,400.0,Safe
29.3,70.0,1011.61,106.0,405.0,VehiclePoll
29.2,70.0,1011.64,109.0,407.0,VehiclePoll
29.3,70.0,1011.61,109.0,408.0,VehiclePoll
29.2,70.0,1011.61,110.0,410.0,VehiclePoll
29.3,70.0,1011.56,110.0,409.0,VehiclePoll
29.2,70.0,1011.59,110.0,411.0,VehiclePoll
29.3,70.0,1011.56,110.0,412.0,VehiclePoll
29.3,70.0,1011.62,110.0,411.0,VehiclePoll
29.3,70.0,1011.56,110.0,412.0,VehiclePoll
29.3,70.0,1011.57,110.0,410.0,VehiclePoll
29.2,70.0,1011.62,110.0,408.0,VehiclePoll
29.2,70.0,1011.57,110.0,414.0,VehiclePoll
29.3,70.0,1011.59,110.0,413.0,VehiclePoll
29.2,70.0,1011.57,109.0,410.0,VehiclePoll
29.3,70.0,1011.59,110.0,409.0,VehiclePoll
29.3,70.0,1011.61,110.0,409.0,VehiclePoll
29.3,70.0,1011.63,110.0,411.0,VehiclePoll
29.3,70.0,1011.62,110.0,408.0,VehiclePoll
29.3,70.0,1011.61,110.0,408.0,VehiclePoll
29.3,70.0,1011.64,110.0,413.0,VehiclePoll
29.3,70.0,1011.6,110.0,414.0,VehiclePoll
29.3,70.0,1011.6,110.0,412.0,VehiclePoll
29.2,70.0,1011.65,110.0,410.0,VehiclePoll
29.2,70.0,1011.59,110.0,407.0,VehiclePoll
29.3,70.0,1011.61,110.0,406.0,VehiclePoll
29.2,70.0,1011.62,110.0,413.0,VehiclePoll
29.3,70.0,1011.58,110.0,410.0,VehiclePoll
29.2,70.0,1011.62,109.0,405.0,VehiclePoll
29.2,70.0,1011.62,110.0,409.0,VehiclePoll
29.3,70.0,1011.62,110.0,409.0,VehiclePoll
29.2,70.0,1011.58,110.0,410.0,VehiclePoll
29.3,70.0,1011.6,109.0,409.0,VehiclePoll
29.2,70.0,1011.6,110.0,407.0,VehiclePoll
29.3,70.0,1011.69,110.0,412.0,VehiclePoll
29.2,70.0,1011.64,110.0,408.0,VehiclePoll
29.3,70.0,1011.64,109.0,408.0,VehiclePoll
29.2,70.0,1011.64,109.0,411.0,VehiclePoll
29.2,70.0,1011.71,110.0,407.0,VehiclePoll
29.3,70.0,1011.65,109.0,404.0,VehiclePoll
29.3,70.0,1011.65,109.0,411.0,VehiclePoll
29.2,70.0,1011.6,109.0,405.0,VehiclePoll
29.2,70.0,1011.64,109.0,410.0,VehiclePoll
29.3,70.0,1011.61,109.0,411.0,VehiclePoll
29.2,70.0,1011.65,109.0,405.0,VehiclePoll
29.2,70.0,1011.64,109.0,404.0,VehiclePoll
29.3,70.0,1011.6,110.0,406.0,VehiclePoll
29.3,70.0,1011.6,109.0,407.0,VehiclePoll
29.2,70.0,1011.64,109.0,406.0,VehiclePoll
29.2,70.0,1011.65,109.0,408.0,VehiclePoll
29.2,70.0,1011.6,109.0,405.0,VehiclePoll
29.2,70.0,1011.65,109.0,407.0,VehiclePoll
29.2,70.0,1011.63,109.0,405.0,VehiclePoll
29.3,70.0,1011.65,109.0,411.0,VehiclePoll
29.3,70.0,1011.63,109.0,407.0,VehiclePoll
29.2,70.0,1011.61,109.0,408.0,VehiclePoll
29.3,70.0,1011.66,109.0,407.0,VehiclePoll
29.3,70.0,1011.65,109.0,408.0,VehiclePoll
29.2,70.0,1011.64,109.0,403.0,VehiclePoll
29.3,70.0,1011.63,109.0,403.0,VehiclePoll
29.2,70.0,1011.64,109.0,404.0,VehiclePoll
29.3,70.0,1011.63,109.0,402.0,VehiclePoll
29.2,70.0,1011.68,109.0,405.0,VehiclePoll
29.3,70.0,1011.67,109.0,405.0,VehiclePoll
29.3,70.0,1011.64,109.0,409.0,VehiclePoll
29.2,70.0,1011.62,108.0,411.0,VehiclePoll
29.2,70.0,1011.66,108.0,411.0,VehiclePoll
29.2,70.0,1011.59,109.0,410.0,VehiclePoll
29.2,70.0,1011.67,108.0,405.0,VehiclePoll
29.2,70.0,1011.64,108.0,406.0,VehiclePoll
29.2,70.0,1011.65,109.0,404.0,VehiclePoll
29.2,70.0,1011.64,108.0,405.0,VehiclePoll
29.2,70.0,1011.63,108.0,407.0,VehiclePoll
29.2,70.0,1011.63,108.0,405.0,VehiclePoll
29.2,70.0,1011.67,109.0,407.0,VehiclePoll
29.2,70.0,1011.67,108.0,405.0,VehiclePoll
29.2,70.0,1011.65,109.0,406.0,VehiclePoll
29.2,70.0,1011.64,108.0,400.0,Safe
29.3,70.0,1011.66,106.0,407.0,VehiclePoll
29.2,70.0,1011.67,108.0,404.0,VehiclePoll
29.2,70.0,1011.62,108.0,409.0,VehiclePoll
29.2,70.0,1011.58,108.0,409.0,VehiclePoll
29.2,70.0,1011.67,108.0,410.0,VehiclePoll
29.2,70.0,1011.64,108.0,404.0,VehiclePoll
29.2,70.0,1011.66,108.0,408.0,VehiclePoll
29.2,70.0,1011.63,108.0,408.0,VehiclePoll
29.2,70.0,1011.66,108.0,405.0,VehiclePoll
29.2,70.0,1011.63,108.0,407.0,VehiclePoll
29.2,70.0,1011.65,108.0,405.0,VehiclePoll
29.2,70.0,1011.65,108.0,408.0,VehiclePoll
29.2,70.0,1011.63,108.0,406.0,VehiclePoll
29.2,70.0,1011.63,109.0,408.0,VehiclePoll
29.2,70.0,1011.64,108.0,405.0,VehiclePoll
29.2,70.0,1011.63,108.0,411.0,VehiclePoll
29.2,70.0,1011.62,108.0,408.0,VehiclePoll
29.2,70.0,1011.64,108.0,411.0,VehiclePoll
29.3,70.0,1011.64,108.0,410.0,VehiclePoll
29.2,70.0,1011.63,108.0,410.0,VehiclePoll
29.2,70.0,1011.62,108.0,407.0,VehiclePoll
29.2,70.0,1011.61,108.0,405.0,VehiclePoll
29.2,70.0,1011.65,109.0,404.0,VehiclePoll
29.3,70.0,1011.68,109.0,410.0,VehiclePoll
29.3,70.0,1011.66,109.0,408.0,VehiclePoll
29.3,70.0,1011.65,109.0,405.0,VehiclePoll
29.2,70.0,1011.66,109.0,404.0,VehiclePoll
29.3,70.0,1011.67,109.0,404.0,VehiclePoll
29.2,70.0,1011.64,109.0,405.0,VehiclePoll
29.3,70.0,1011.63,109.0,403.0,VehiclePoll
29.3,70.0,1011.64,109.0,409.0,VehiclePoll
29.2,70.0,1011.64,109.0,408.0,VehiclePoll
29.3,70.0,1011.63,109.0,409.0,VehiclePoll
29.3,70.0,1011.64,109.0,407.0,VehiclePoll
29.3,70.0,1011.6,109.0,405.0,VehiclePoll
29.2,70.0,1011.62,109.0,410.0,VehiclePoll
29.2,70.0,1011.64,109.0,404.0,VehiclePoll
29.2,70.0,1011.62,109.0,408.0,VehiclePoll
29.2,70.0,1011.62,109.0,406.0,VehiclePoll
29.2,70.0,1011.62,109.0,408.0,VehiclePoll
29.3,70.0,1011.65,108.0,405.0,VehiclePoll
29.2,70.0,1011.62,109.0,408.0,VehiclePoll
29.3,70.0,1011.64,109.0,405.0,VehiclePoll
29.3,70.0,1011.69,109.0,404.0,VehiclePoll
29.3,70.0,1011.63,109.0,400.0,Safe
29.3,70.0,1011.62,107.0,405.0,VehiclePoll
29.3,70.0,1011.64,109.0,407.0,VehiclePoll
29.3,70.0,1011.62,109.0,409.0,VehiclePoll
29.2,70.0,1011.67,109.0,406.0,VehiclePoll
29.3,70.0,1011.64,109.0,404.0,VehiclePoll
29.3,70.0,1011.68,108.0,409.0,VehiclePoll
29.3,70.0,1011.66,109.0,408.0,VehiclePoll
29.2,70.0,1011.66,109.0,404.0,VehiclePoll
29.2,70.0,1011.64,109.0,410.0,VehiclePoll
29.3,70.0,1011.65,109.0,410.0,VehiclePoll
29.3,70.0,1011.64,109.0,408.0,VehiclePoll
29.2,70.0,1011.71,109.0,409.0,VehiclePoll
29.2,70.0,1011.69,108.0,412.0,VehiclePoll
29.2,70.0,1011.7,109.0,408.0,VehiclePoll
29.2,70.0,1011.7,109.0,409.0,VehiclePoll
29.2,70.0,1011.71,109.0,405.0,VehiclePoll
29.2,70.0,1011.67,109.0,404.0,VehiclePoll
29.2,70.0,1011.69,109.0,407.0,VehiclePoll
29.2,70.0,1011.7,109.0,408.0,VehiclePoll
29.2,70.0,1011.73,108.0,404.0,VehiclePoll
29.2,70.0,1011.69,109.0,411.0,VehiclePoll
29.3,70.0,1011.66,109.0,404.0,VehiclePoll
29.3,70.0,1011.65,108.0,409.0,VehiclePoll
29.2,70.0,1011.68,109.0,411.0,VehiclePoll
29.2,70.0,1011.64,109.0,408.0,VehiclePoll
29.2,70.0,1011.65,109.0,404.0,VehiclePoll
29.2,70.0,1011.67,109.0,412.0,VehiclePoll
29.2,70.0,1011.7,109.0,408.0,VehiclePoll
29.2,70.0,1011.66,109.0,407.0,VehiclePoll
29.2,70.0,1011.71,109.0,410.0,VehiclePoll
29.2,70.0,1011.68,108.0,405.0,VehiclePoll
29.2,70.0,1011.7,108.0,403.0,VehiclePoll
29.2,70.0,1011.64,109.0,402.0,VehiclePoll
29.2,70.0,1011.68,109.0,411.0,VehiclePoll
29.3,70.0,1011.64,109.0,409.0,VehiclePoll
29.2,70.0,1011.69,109.0,409.0,VehiclePoll
29.2,70.0,1011.65,108.0,407.0,VehiclePoll
29.2,70.0,1011.73,108.0,405.0,VehiclePoll
29.2,70.0,1011.72,109.0,410.0,VehiclePoll
29.2,70.0,1011.71,108.0,413.0,VehiclePoll
29.2,70.0,1011.71,108.0,407.0,VehiclePoll
29.2,70.0,1011.73,108.0,411.0,VehiclePoll
29.2,70.0,1011.67,108.0,401.0,VehiclePoll
29.2,70.0,1011.72,109.0,404.0,VehiclePoll
29.2,70.0,1011.66,108.0,404.0,VehiclePoll
29.2,70.0,1011.69,108.0,404.0,VehiclePoll
29.2,70.0,1011.73,108.0,405.0,VehiclePoll
29.2,70.0,1011.69,108.0,407.0,VehiclePoll
29.2,70.0,1011.72,108.0,407.0,VehiclePoll
29.2,70.0,1011.72,109.0,406.0,VehiclePoll
29.2,70.0,1011.74,109.0,406.0,VehiclePoll
29.2,70.0,1011.64,108.0,403.0,VehiclePoll
29.2,70.0,1011.7,108.0,405.0,VehiclePoll
29.2,70.0,1011.74,108.0,410.0,VehiclePoll
29.2,70.0,1011.68,108.0,404.0,VehiclePoll
29.2,70.0,1011.74,108.0,410.0,VehiclePoll
29.2,70.0,1011.73,109.0,412.0,VehiclePoll
29.2,70.0,1011.7,109.0,411.0,VehiclePoll
29.2,70.0,1011.73,109.0,413.0,VehiclePoll
29.2,70.0,1011.68,108.0,410.0,VehiclePoll
29.2,70.0,1011.73,108.0,408.0,VehiclePoll
29.2,70.0,1011.69,108.0,410.0,VehiclePoll
29.2,70.0,1011.68,109.0,410.0,VehiclePoll
29.2,70.0,1011.7,108.0,408.0,VehiclePoll
29.2,70.0,1011.7,108.0,407.0,VehiclePoll
29.2,70.0,1011.73,108.0,403.0,VehiclePoll
29.2,70.0,1011.74,109.0,407.0,VehiclePoll
29.2,70.0,1011.69,109.0,409.0,VehiclePoll
29.2,70.0,1011.75,109.0,408.0,VehiclePoll
29.2,70.0,1011.73,109.0,409.0,VehiclePoll
29.2,70.0,1011.73,108.0,407.0,VehiclePoll
29.2,70.0,1011.77,108.0,407.0,VehiclePoll
29.2,70.0,1011.7,108.0,409.0,VehiclePoll
29.2,70.0,1011.75,108.0,407.0,VehiclePoll
29.2,70.0,1011.74,109.0,409.0,VehiclePoll
29.2,70.0,1011.71,108.0,406.0,VehiclePoll
29.2,70.0,1011.73,108.0,403.0,VehiclePoll
29.2,70.0,1011.73,105.0,412.0,VehiclePoll
29.2,70.0,1011.69,109.0,410.0,VehiclePoll
29.2,70.0,1011.71,109.0,414.0,VehiclePoll
29.2,70.0,1011.69,109.0,413.0,VehiclePoll
29.2,70.0,1011.69,109.0,406.0,VehiclePoll
29.2,70.0,1011.7,109.0,406.0,VehiclePoll
29.2,70.0,1011.74,109.0,407.0,VehiclePoll
29.2,70.0,1011.7,109.0,407.0,VehiclePoll
29.2,70.0,1011.71,109.0,404.0,VehiclePoll
29.2,70.0,1011.71,109.0,409.0,VehiclePoll
29.2,70.0,1011.75,109.0,410.0,VehiclePoll
29.2,70.0,1011.75,109.0,409.0,VehiclePoll
29.2,70.0,1011.74,109.0,406.0,VehiclePoll
29.2,70.0,1011.68,109.0,402.0,VehiclePoll
29.2,70.0,1011.71,109.0,407.0,VehiclePoll
29.2,70.0,1011.7,109.0,409.0,VehiclePoll
29.2,70.0,1011.68,109.0,404.0,VehiclePoll
29.2,70.0,1011.72,109.0,410.0,VehiclePoll
29.2,70.0,1011.75,109.0,410.0,VehiclePoll
29.2,70.0,1011.71,109.0,410.0,VehiclePoll
29.2,70.0,1011.72,109.0,404.0,VehiclePoll
29.2,70.0,1011.73,109.0,414.0,VehiclePoll
29.2,70.0,1011.73,109.0,412.0,VehiclePoll
29.2,70.0,1011.69,109.0,407.0,VehiclePoll
29.2,70.0,1011.7,109.0,412.0,VehiclePoll
29.2,70.0,1011.72,109.0,408.0,VehiclePoll
29.2,70.0,1011.7,109.0,404.0,VehiclePoll
29.2,70.0,1011.74,109.0,405.0,VehiclePoll
29.2,70.0,1011.69,109.0,405.0,VehiclePoll
29.2,70.0,1011.73,109.0,407.0,VehiclePoll
29.2,70.0,1011.73,109.0,405.0,VehiclePoll
29.2,70.0,1011.72,109.0,407.0,VehiclePoll
29.2,70.0,1011.7,109.0,405.0,VehiclePoll
29.2,70.0,1011.7,109.0,407.0,VehiclePoll
29.2,70.0,1011.75,109.0,411.0,VehiclePoll
29.2,70.0,1011.74,109.0,407.0,VehiclePoll
29.2,70.0,1011.74,109.0,404.0,VehiclePoll
29.2,70.0,1011.69,109.0,408.0,VehiclePoll
29.2,70.0,1011.67,109.0,409.0,VehiclePoll
29.2,70.0,1011.72,109.0,399.0,Safe
29.2,70.0,1011.66,107.0,409.0,VehiclePoll
29.2,70.0,1011.74,109.0,411.0,VehiclePoll
29.2,70.0,1011.72,109.0,405.0,VehiclePoll
29.2,70.0,1011.72,109.0,408.0,VehiclePoll
29.2,70.0,1011.72,109.0,406.0,VehiclePoll
29.2,70.0,1011.65,109.0,406.0,VehiclePoll
29.2,70.0,1011.71,109.0,411.0,VehiclePoll
29.2,70.0,1011.73,109.0,406.0,VehiclePoll
29.2,70.0,1011.72,109.0,409.0,VehiclePoll
29.2,70.0,1011.74,109.0,407.0,VehiclePoll
29.2,70.0,1011.72,109.0,405.0,VehiclePoll
29.2,70.0,1011.72,109.0,405.0,VehiclePoll
29.2,70.0,1011.73,109.0,405.0,VehiclePoll
29.2,70.0,1011.72,109.0,405.0,VehiclePoll
29.2,70.0,1011.64,109.0,408.0,VehiclePoll
29.2,70.0,1011.66,109.0,409.0,VehiclePoll
29.2,70.0,1011.66,109.0,411.0,VehiclePoll
29.2,70.0,1011.73,109.0,412.0,VehiclePoll
29.2,70.0,1011.69,109.0,404.0,VehiclePoll
29.2,70.0,1011.64,109.0,407.0,VehiclePoll
29.2,70.0,1011.66,109.0,407.0,VehiclePoll
29.2,70.0,1011.65,108.0,404.0,VehiclePoll
29.2,70.0,1011.72,109.0,405.0,VehiclePoll
29.2,70.0,1011.65,109.0,410.0,VehiclePoll
29.2,70.0,1011.66,109.0,406.0,VehiclePoll
29.2,70.0,1011.73,109.0,413.0,VehiclePoll
29.2,70.0,1011.66,109.0,411.0,VehiclePoll
29.2,70.0,1011.69,109.0,406.0,VehiclePoll
29.2,70.0,1011.63,109.0,408.0,VehiclePoll
29.2,70.0,1011.66,109.0,404.0,VehiclePoll
29.2,70.0,1011.68,109.0,408.0,VehiclePoll
29.2,70.0,1011.62,109.0,409.0,VehiclePoll
29.2,70.0,1011.73,109.0,411.0,VehiclePoll
29.2,70.0,1011.74,108.0,409.0,VehiclePoll
29.2,70.0,1011.61,109.0,405.0,VehiclePoll
29.2,70.0,1011.75,108.0,403.0,VehiclePoll
29.2,70.0,1011.7,108.0,408.0,VehiclePoll
29.2,70.0,1011.74,109.0,404.0,VehiclePoll
29.2,70.0,1011.73,108.0,402.0,VehiclePoll
29.2,70.0,1011.75,108.0,410.0,VehiclePoll
29.2,70.0,1011.7,108.0,413.0,VehiclePoll
29.2,70.0,1011.74,109.0,412.0,VehiclePoll
29.2,70.0,1011.75,109.0,412.0,VehiclePoll
29.2,70.0,1011.76,109.0,405.0,VehiclePoll
29.2,70.0,1011.76,109.0,405.0,VehiclePoll
29.2,70.0,1011.7,109.0,407.0,VehiclePoll
29.2,70.0,1011.73,108.0,406.0,VehiclePoll
29.2,70.0,1011.74,109.0,405.0,VehiclePoll
29.2,70.0,1011.72,108.0,409.0,VehiclePoll
29.2,70.0,1011.75,109.0,407.0,VehiclePoll
29.2,70.0,1011.71,109.0,410.0,VehiclePoll
29.2,70.0,1011.8,108.0,411.0,VehiclePoll
29.2,70.0,1011.77,109.0,411.0,VehiclePoll
29.2,70.0,1011.76,108.0,405.0,VehiclePoll
29.2,70.0,1011.74,109.0,411.0,VehiclePoll
29.2,70.0,1011.72,108.0,410.0,VehiclePoll
29.2,70.0,1011.71,108.0,410.0,VehiclePoll
29.2,70.0,1011.77,108.0,407.0,VehiclePoll
29.2,70.0,1011.74,108.0,405.0,VehiclePoll
29.2,70.0,1011.71,108.0,405.0,VehiclePoll
29.2,70.0,1011.73,108.0,408.0,VehiclePoll
29.2,70.0,1011.71,108.0,411.0,VehiclePoll
29.2,70.0,1011.73,108.0,406.0,VehiclePoll
29.2,70.0,1011.75,109.0,405.0,VehiclePoll
29.2,70.0,1011.83,108.0,407.0,VehiclePoll
29.2,70.0,1011.75,108.0,406.0,VehiclePoll
29.2,70.0,1011.75,108.0,410.0,VehiclePoll
29.2,70.0,1011.81,108.0,408.0,VehiclePoll
29.2,70.0,1011.81,108.0,406.0,VehiclePoll
29.2,70.0,1011.76,108.0,411.0,VehiclePoll
29.2,70.0,1011.67,108.0,405.0,VehiclePoll
29.2,70.0,1011.71,108.0,406.0,VehiclePoll
29.2,70.0,1011.73,109.0,406.0,VehiclePoll
29.2,70.0,1011.73,108.0,410.0,VehiclePoll
29.2,70.0,1011.73,108.0,411.0,VehiclePoll
29.2,70.0,1011.76,108.0,405.0,VehiclePoll
29.2,70.0,1011.67,108.0,411.0,VehiclePoll
29.2,70.0,1011.73,108.0,410.0,VehiclePoll
29.2,70.0,1011.8,108.0,405.0,VehiclePoll
29.2,70.0,1011.69,108.0,403.0,VehiclePoll
29.2,70.0,1011.79,108.0,408.0,VehiclePoll
29.2,70.0,1011.69,108.0,407.0,VehiclePoll
29.2,70.0,1011.78,108.0,406.0,VehiclePoll
29.2,70.0,1011.7,108.0,411.0,VehiclePoll
29.2,70.0,1011.74,108.0,409.0,VehiclePoll
29.2,70.0,1011.71,108.0,411.0,VehiclePoll
29.2,70.0,1011.72,108.0,410.0,VehiclePoll
29.2,70.0,1011.84,108.0,408.0,VehiclePoll
29.2,70.0,1011.81,108.0,404.0,VehiclePoll
29.2,70.0,1011.78,108.0,406.0,VehiclePoll
29.2,70.0,1011.82,108.0,409.0,VehiclePoll
29.2,70.0,1011.83,108.0,411.0,VehiclePoll
29.2,70.0,1011.81,108.0,404.0,VehiclePoll
29.2,70.0,1011.72,108.0,410.0,VehiclePoll
29.2,70.0,1011.83,108.0,411.0,VehiclePoll
29.2,70.0,1011.71,108.0,410.0,VehiclePoll
29.2,70.0,1011.77,108.0,411.0,VehiclePoll
29.2,70.0,1011.8,108.0,411.0,VehiclePoll
29.2,70.0,1011.73,108.0,408.0,VehiclePoll
29.2,70.0,1011.78,108.0,403.0,VehiclePoll
29.2,70.0,1011.83,108.0,404.0,VehiclePoll
29.2,70.0,1011.8,108.0,405.0,VehiclePoll
29.2,70.0,1011.79,107.0,405.0,VehiclePoll
29.2,70.0,1011.84,108.0,410.0,VehiclePoll
29.2,70.0,1011.83,107.0,407.0,VehiclePoll
29.2,70.0,1011.86,107.0,408.0,VehiclePoll
29.2,70.0,1011.86,108.0,409.0,VehiclePoll
29.2,70.0,1011.81,107.0,409.0,VehiclePoll
29.2,70.0,1011.82,107.0,409.0,VehiclePoll
29.2,70.0,1011.71,107.0,406.0,VehiclePoll
29.2,70.0,1011.74,108.0,406.0,VehiclePoll
29.2,70.0,1011.81,107.0,408.0,VehiclePoll
29.2,70.0,1011.81,108.0,408.0,VehiclePoll
29.2,70.0,1011.72,108.0,406.0,VehiclePoll
29.2,70.0,1011.7,107.0,404.0,VehiclePoll
29.2,70.0,1011.82,107.0,403.0,VehiclePoll
29.2,70.0,1011.79,108.0,403.0,VehiclePoll
29.2,70.0,1011.82,108.0,404.0,VehiclePoll
29.2,70.0,1011.68,108.0,406.0,VehiclePoll
29.2,70.0,1011.8,108.0,409.0,VehiclePoll
29.2,70.0,1011.87,108.0,404.0,VehiclePoll
29.2,70.0,1011.73,108.0,406.0,VehiclePoll
29.2,70.0,1011.79,108.0,403.0,VehiclePoll
29.2,70.0,1011.77,108.0,406.0,VehiclePoll
29.2,70.0,1011.8,104.0,406.0,VehiclePoll
29.2,70.0,1011.72,108.0,405.0,VehiclePoll
29.2,70.0,1011.74,108.0,407.0,VehiclePoll
29.2,70.0,1011.83,108.0,409.0,VehiclePoll
29.2,70.0,1011.78,108.0,406.0,VehiclePoll
29.2,70.0,1011.83,108.0,410.0,VehiclePoll
29.2,70.0,1011.82,108.0,408.0,VehiclePoll
29.2,70.0,1011.72,108.0,409.0,VehiclePoll
29.2,70.0,1011.79,108.0,409.0,VehiclePoll
29.2,70.0,1011.8,108.0,406.0,VehiclePoll
29.2,70.0,1011.78,108.0,409.0,VehiclePoll
29.2,70.0,1011.83,108.0,405.0,VehiclePoll
29.2,70.0,1011.75,108.0,406.0,VehiclePoll
29.2,70.0,1011.75,108.0,409.0,VehiclePoll
29.2,70.0,1011.82,108.0,405.0,VehiclePoll
29.2,70.0,1011.79,108.0,409.0,VehiclePoll
29.2,70.0,1011.78,108.0,409.0,VehiclePoll
29.2,70.0,1011.8,108.0,411.0,VehiclePoll
29.2,70.0,1011.78,108.0,408.0,VehiclePoll
29.2,70.0,1011.79,108.0,406.0,VehiclePoll
29.2,70.0,1011.78,108.0,407.0,VehiclePoll
29.2,70.0,1011.77,108.0,406.0,VehiclePoll
29.2,70.0,1011.79,108.0,406.0,VehiclePoll
29.2,70.0,1011.74,108.0,411.0,VehiclePoll
29.2,70.0,1011.77,108.0,411.0,VehiclePoll
29.2,70.0,1011.74,108.0,410.0,VehiclePoll
29.2,70.0,1011.75,108.0,410.0,VehiclePoll
29.2,70.0,1011.75,108.0,408.0,VehiclePoll
29.2,70.0,1011.84,108.0,406.0,VehiclePoll
29.2,70.0,1011.74,108.0,407.0,VehiclePoll
29.2,70.0,1011.8,108.0,408.0,VehiclePoll
29.2,70.0,1011.69,108.0,408.0,VehiclePoll
29.2,70.0,1011.65,108.0,402.0,VehiclePoll
29.2,70.0,1011.66,108.0,406.0,VehiclePoll
29.2,70.0,1011.75,108.0,407.0,VehiclePoll
29.2,70.0,1011.76,108.0,411.0,VehiclePoll
29.2,70.0,1011.73,108.0,409.0,VehiclePoll
29.2,70.0,1011.79,108.0,412.0,VehiclePoll
29.2,70.0,1011.73,108.0,410.0,VehiclePoll
29.2,70.0,1011.77,108.0,409.0,VehiclePoll
29.2,70.0,1011.74,108.0,411.0,VehiclePoll
29.2,70.0,1011.74,108.0,412.0,VehiclePoll
29.2,70.0,1011.73,108.0,410.0,VehiclePoll
29.2,70.0,1011.74,108.0,409.0,VehiclePoll
29.2,70.0,1011.74,108.0,411.0,VehiclePoll
29.2,70.0,1011.77,108.0,409.0,VehiclePoll
29.2,70.0,1011.76,108.0,409.0,VehiclePoll
29.2,70.0,1011.74,108.0,408.0,VehiclePoll
29.2,70.0,1011.76,108.0,410.0,VehiclePoll
29.2,70.0,1011.79,108.0,408.0,VehiclePoll
29.2,70.0,1011.76,108.0,411.0,VehiclePoll
29.2,70.0,1011.79,108.0,407.0,VehiclePoll
29.2,70.0,1011.83,108.0,405.0,VehiclePoll
29.2,70.0,1011.76,108.0,407.0,VehiclePoll
29.2,70.0,1011.83,108.0,405.0,VehiclePoll
29.2,70.0,1011.78,108.0,411.0,VehiclePoll
29.2,70.0,1011.76,108.0,408.0,VehiclePoll
29.2,70.0,1011.76,108.0,410.0,VehiclePoll
29.2,70.0,1011.76,108.0,413.0,VehiclePoll
29.2,70.0,1011.8,108.0,407.0,VehiclePoll
29.2,70.0,1011.75,108.0,409.0,VehiclePoll
29.2,70.0,1011.74,108.0,406.0,VehiclePoll
29.2,70.0,1011.79,108.0,409.0,VehiclePoll
29.2,70.0,1011.72,108.0,408.0,VehiclePoll
29.2,70.0,1011.79,108.0,409.0,VehiclePoll
29.2,70.0,1011.78,108.0,405.0,VehiclePoll
29.2,70.0,1011.78,108.0,409.0,VehiclePoll
29.2,70.0,1011.79,108.0,406.0,VehiclePoll
29.2,70.0,1011.76,108.0,409.0,VehiclePoll
29.2,70.0,1011.82,108.0,407.0,VehiclePoll
29.2,70.0,1011.81,108.0,410.0,VehiclePoll
29.2,70.0,1011.77,108.0,412.0,VehiclePoll
29.2,70.0,1011.8,108.0,412.0,VehiclePoll
29.2,70.0,1011.76,108.0,410.0,VehiclePoll
29.2,70.0,1011.76,108.0,410.0,VehiclePoll
29.2,70.0,1011.78,108.0,409.0,VehiclePoll
29.2,70.0,1011.76,108.0,407.0,VehiclePoll
29.2,70.0,1011.83,104.0,405.0,VehiclePoll
29.2,70.0,1011.74,108.0,408.0,VehiclePoll
29.2,70.0,1011.84,108.0,411.0,VehiclePoll
29.2,70.0,1011.74,108.0,408.0,VehiclePoll
29.2,70.0,1011.79,108.0,410.0,VehiclePoll
29.2,70.0,1011.75,108.0,407.0,VehiclePoll
29.2,70.0,1011.75,108.0,406.0,VehiclePoll
29.2,70.0,1011.73,108.0,412.0,VehiclePoll
29.2,70.0,1011.7,108.0,405.0,VehiclePoll
29.2,70.0,1011.75,108.0,409.0,VehiclePoll
29.2,70.0,1011.76,108.0,412.0,VehiclePoll
29.2,70.0,1011.75,108.0,406.0,VehiclePoll
29.2,70.0,1011.8,108.0,410.0,VehiclePoll
29.2,70.0,1011.74,108.0,413.0,VehiclePoll
29.2,70.0,1011.71,108.0,410.0,VehiclePoll
29.2,70.0,1011.82,107.0,408.0,VehiclePoll
29.2,70.0,1011.81,108.0,408.0,VehiclePoll
29.2,70.0,1011.72,108.0,409.0,VehiclePoll
29.2,70.0,1011.8,108.0,412.0,VehiclePoll
29.2,70.0,1011.72,108.0,412.0,VehiclePoll
29.2,70.0,1011.72,108.0,410.0,VehiclePoll
29.2,70.0,1011.77,108.0,409.0,VehiclePoll
29.2,70.0,1011.71,108.0,410.0,VehiclePoll
29.2,70.0,1011.73,108.0,408.0,VehiclePoll
29.2,70.0,1011.75,108.0,408.0,VehiclePoll
29.2,70.0,1011.69,108.0,404.0,VehiclePoll
29.2,70.0,1011.69,108.0,406.0,VehiclePoll
29.2,70.0,1011.78,108.0,407.0,VehiclePoll
29.2,70.0,1011.78,108.0,409.0,VehiclePoll
29.2,70.0,1011.72,108.0,407.0,VehiclePoll
29.2,70.0,1011.71,107.0,410.0,VehiclePoll
29.2,70.0,1011.8,108.0,405.0,VehiclePoll
29.2,70.0,1011.74,108.0,408.0,VehiclePoll
29.2,70.0,1011.82,108.0,406.0,VehiclePoll
29.2,70.0,1011.71,108.0,404.0,VehiclePoll
29.2,70.0,1011.8,107.0,412.0,VehiclePoll
29.2,70.0,1011.79,107.0,406.0,VehiclePoll
29.2,70.0,1011.79,108.0,410.0,VehiclePoll
29.2,70.0,1011.8,108.0,409.0,VehiclePoll
29.2,70.0,1011.78,108.0,407.0,VehiclePoll
29.2,70.0,1011.83,108.0,408.0,VehiclePoll
29.2,70.0,1011.79,108.0,406.0,VehiclePoll
29.2,70.0,1011.82,108.0,407.0,VehiclePoll
29.2,70.0,1011.73,108.0,411.0,VehiclePoll
29.2,70.0,1011.77,108.0,407.0,VehiclePoll
29.2,70.0,1011.73,108.0,407.0,VehiclePoll
29.2,70.0,1011.82,108.0,407.0,VehiclePoll
29.2,70.0,1011.82,108.0,412.0,VehiclePoll
29.2,70.0,1011.82,108.0,406.0,VehiclePoll
29.2,70.0,1011.85,108.0,410.0,VehiclePoll
29.2,70.0,1011.82,108.0,412.0,VehiclePoll
29.2,70.0,1011.84,108.0,409.0,VehiclePoll
29.2,70.0,1011.83,108.0,408.0,VehiclePoll
29.2,70.0,1011.79,108.0,406.0,VehiclePoll
29.2,70.0,1011.77,107.0,403.0,VehiclePoll
29.2,70.0,1011.89,108.0,410.0,VehiclePoll
29.2,70.0,1011.88,108.0,406.0,VehiclePoll
29.2,70.0,1011.82,108.0,410.0,VehiclePoll
29.2,70.0,1011.83,108.0,411.0,VehiclePoll
29.2,70.0,1011.78,108.0,408.0,VehiclePoll
29.2,70.0,1011.83,108.0,410.0,VehiclePoll
29.2,70.0,1011.86,108.0,410.0,VehiclePoll
29.2,70.0,1011.85,108.0,411.0,VehiclePoll
29.2,70.0,1011.9,108.0,409.0,VehiclePoll
29.2,70.0,1011.84,108.0,411.0,VehiclePoll
29.2,70.0,1011.87,108.0,409.0,VehiclePoll
29.2,70.0,1011.88,108.0,411.0,VehiclePoll
29.2,70.0,1011.85,108.0,411.0,VehiclePoll
29.2,70.0,1011.8,108.0,411.0,VehiclePoll
29.2,70.0,1011.83,108.0,411.0,VehiclePoll
29.2,70.0,1011.86,108.0,411.0,VehiclePoll
29.2,70.0,1011.87,108.0,408.0,VehiclePoll
29.2,70.0,1011.82,108.0,407.0,VehiclePoll
29.2,70.0,1011.85,108.0,409.0,VehiclePoll
29.2,70.0,1011.78,108.0,411.0,VehiclePoll
29.2,70.0,1011.83,104.0,406.0,VehiclePoll
29.2,70.0,1011.84,108.0,411.0,VehiclePoll
29.2,70.0,1011.86,108.0,409.0,VehiclePoll
29.2,70.0,1011.83,108.0,411.0,VehiclePoll
29.2,70.0,1011.8,108.0,407.0,VehiclePoll
29.2,70.0,1011.85,108.0,410.0,VehiclePoll
29.2,70.0,1011.82,108.0,412.0,VehiclePoll
29.2,70.0,1011.84,108.0,409.0,VehiclePoll
29.2,70.0,1011.82,108.0,411.0,VehiclePoll
29.2,70.0,1011.82,108.0,412.0,VehiclePoll
29.2,70.0,1011.81,108.0,409.0,VehiclePoll
29.2,70.0,1011.81,108.0,407.0,VehiclePoll
29.2,70.0,1011.82,108.0,410.0,VehiclePoll
29.2,70.0,1011.81,108.0,409.0,VehiclePoll
29.2,70.0,1011.83,108.0,407.0,VehiclePoll
29.2,70.0,1011.8,108.0,411.0,VehiclePoll
29.2,70.0,1011.86,108.0,409.0,VehiclePoll
29.2,70.0,1011.83,108.0,409.0,VehiclePoll
29.2,71.0,1011.83,108.0,410.0,VehiclePoll
29.2,70.0,1011.82,108.0,411.0,VehiclePoll
29.2,70.0,1011.82,108.0,409.0,VehiclePoll
29.2,70.0,1011.81,108.0,408.0,VehiclePoll
29.2,70.0,1011.82,108.0,409.0,VehiclePoll
29.2,70.0,1011.86,108.0,412.0,VehiclePoll
29.2,70.0,1011.85,108.0,409.0,VehiclePoll
29.2,70.0,1011.84,108.0,414.0,VehiclePoll
29.2,70.0,1011.86,108.0,410.0,VehiclePoll
29.2,70.0,1011.86,108.0,410.0,VehiclePoll
29.2,70.0,1011.83,108.0,411.0,VehiclePoll
29.2,70.0,1011.84,108.0,412.0,VehiclePoll
29.2,70.0,1011.88,108.0,411.0,VehiclePoll
29.2,70.0,1011.9,108.0,408.0,VehiclePoll
29.2,70.0,1011.85,108.0,410.0,VehiclePoll
29.2,70.0,1011.85,108.0,407.0,VehiclePoll
29.2,70.0,1011.78,104.0,405.0,VehiclePoll
29.2,70.0,1011.88,108.0,410.0,VehiclePoll
29.2,70.0,1011.81,108.0,415.0,VehiclePoll
29.2,70.0,1011.8,108.0,410.0,VehiclePoll
29.2,70.0,1011.78,108.0,411.0,VehiclePoll
29.2,70.0,1011.86,108.0,411.0,VehiclePoll
29.2,71.0,1011.85,108.0,409.0,VehiclePoll
29.2,71.0,1011.89,108.0,409.0,VehiclePoll
29.2,71.0,1011.89,108.0,412.0,VehiclePoll
29.2,71.0,1011.85,108.0,410.0,VehiclePoll
29.2,71.0,1011.87,108.0,408.0,VehiclePoll
29.2,70.0,1011.86,108.0,408.0,VehiclePoll
29.2,71.0,1011.85,108.0,408.0,VehiclePoll
29.2,70.0,1011.87,108.0,408.0,VehiclePoll
29.2,71.0,1011.85,108.0,406.0,VehiclePoll
29.2,70.0,1011.84,108.0,412.0,VehiclePoll
29.2,71.0,1011.86,108.0,409.0,VehiclePoll
29.2,70.0,1011.8,108.0,409.0,VehiclePoll
29.2,70.0,1011.88,108.0,408.0,VehiclePoll
29.2,70.0,1011.83,108.0,412.0,VehiclePoll
29.2,70.0,1011.86,108.0,408.0,VehiclePoll
29.2,70.0,1011.89,108.0,409.0,VehiclePoll
29.2,70.0,1011.85,108.0,411.0,VehiclePoll
29.2,70.0,1011.87,108.0,413.0,VehiclePoll
29.2,70.0,1011.86,108.0,407.0,VehiclePoll
29.2,70.0,1011.88,108.0,406.0,VehiclePoll
29.2,70.0,1011.84,108.0,410.0,VehiclePoll
29.2,70.0,1011.86,108.0,411.0,VehiclePoll
29.2,70.0,1011.85,108.0,408.0,VehiclePoll
29.2,70.0,1011.87,108.0,410.0,VehiclePoll
29.2,70.0,1011.89,108.0,413.0,VehiclePoll
29.2,70.0,1011.88,108.0,407.0,VehiclePoll
29.2,70.0,1011.89,108.0,412.0,VehiclePoll
29.2,70.0,1011.88,108.0,411.0,VehiclePoll
29.2,70.0,1011.83,108.0,411.0,VehiclePoll
29.2,70.0,1011.87,108.0,411.0,VehiclePoll
29.2,70.0,1011.87,108.0,410.0,VehiclePoll
29.2,70.0,1011.82,108.0,409.0,VehiclePoll
29.2,70.0,1011.87,108.0,407.0,VehiclePoll
29.2,70.0,1011.79,108.0,408.0,VehiclePoll
29.2,70.0,1011.89,108.0,409.0,VehiclePoll
29.2,70.0,1011.87,108.0,411.0,VehiclePoll
29.2,70.0,1011.84,108.0,410.0,VehiclePoll
29.2,70.0,1011.89,108.0,405.0,VehiclePoll
29.2,70.0,1011.86,108.0,407.0,VehiclePoll
29.2,70.0,1011.81,108.0,410.0,VehiclePoll
29.2,70.0,1011.84,108.0,408.0,VehiclePoll
29.2,70.0,1011.85,108.0,411.0,VehiclePoll
29.2,70.0,1011.86,108.0,408.0,VehiclePoll
29.2,70.0,1011.85,108.0,407.0,VehiclePoll
29.2,70.0,1011.88,108.0,409.0,VehiclePoll
29.2,70.0,1011.84,108.0,411.0,VehiclePoll
29.2,70.0,1011.88,108.0,412.0,VehiclePoll
29.2,70.0,1011.9,109.0,410.0,VehiclePoll
29.2,70.0,1011.84,108.0,409.0,VehiclePoll
29.2,70.0,1011.85,108.0,412.0,VehiclePoll
29.2,70.0,1011.85,108.0,409.0,VehiclePoll
29.2,70.0,1011.85,108.0,411.0,VehiclePoll
29.2,70.0,1011.84,108.0,411.0,VehiclePoll
29.2,70.0,1011.85,108.0,410.0,VehiclePoll
29.2,70.0,1011.86,108.0,408.0,VehiclePoll
29.2,70.0,1011.87,108.0,408.0,VehiclePoll
29.2,70.0,1011.86,108.0,408.0,VehiclePoll
29.2,70.0,1011.84,108.0,409.0,VehiclePoll
29.2,70.0,1011.84,108.0,409.0,VehiclePoll
29.2,70.0,1011.9,108.0,407.0,VehiclePoll
29.2,70.0,1011.83,108.0,408.0,VehiclePoll
29.2,70.0,1011.85,108.0,411.0,VehiclePoll
29.2,70.0,1011.87,109.0,407.0,VehiclePoll
29.2,71.0,1011.9,108.0,406.0,VehiclePoll
29.2,70.0,1011.88,108.0,408.0,VehiclePoll
29.2,70.0,1011.86,108.0,411.0,VehiclePoll
29.2,70.0,1011.94,108.0,406.0,VehiclePoll
29.2,71.0,1011.89,108.0,406.0,VehiclePoll
29.2,71.0,1011.82,108.0,406.0,VehiclePoll
29.2,71.0,1011.88,108.0,414.0,VehiclePoll
29.2,70.0,1011.86,108.0,407.0,VehiclePoll
29.2,70.0,1011.88,108.0,411.0,VehiclePoll
29.2,70.0,1011.88,108.0,412.0,VehiclePoll
29.2,70.0,1011.88,108.0,410.0,VehiclePoll
29.2,70.0,1011.87,108.0,412.0,VehiclePoll
29.2,70.0,1011.9,108.0,410.0,VehiclePoll
29.2,70.0,1011.92,108.0,411.0,VehiclePoll
29.2,71.0,1011.9,108.0,409.0,VehiclePoll
29.2,70.0,1011.9,108.0,415.0,VehiclePoll
29.2,70.0,1011.85,108.0,411.0,VehiclePoll
29.2,71.0,1011.88,104.0,410.0,VehiclePoll
29.2,71.0,1011.82,108.0,414.0,VehiclePoll
29.2,71.0,1011.86,108.0,414.0,VehiclePoll
29.2,71.0,1011.88,108.0,410.0,VehiclePoll
29.2,70.0,1011.88,108.0,413.0,VehiclePoll
29.2,70.0,1011.9,108.0,409.0,VehiclePoll
29.2,70.0,1011.89,108.0,411.0,VehiclePoll
29.2,71.0,1011.85,108.0,411.0,VehiclePoll
29.2,70.0,1011.9,108.0,411.0,VehiclePoll
29.2,71.0,1011.87,108.0,409.0,VehiclePoll
29.2,71.0,1011.85,108.0,407.0,VehiclePoll
29.2,70.0,1011.93,108.0,410.0,VehiclePoll
29.2,70.0,1011.82,108.0,408.0,VehiclePoll
29.2,70.0,1011.82,108.0,408.0,VehiclePoll
29.2,70.0,1011.82,108.0,411.0,VehiclePoll
29.2,71.0,1011.87,108.0,407.0,VehiclePoll
29.2,70.0,1011.87,108.0,410.0,VehiclePoll
29.2,70.0,1011.92,108.0,412.0,VehiclePoll
29.2,71.0,1011.98,108.0,410.0,VehiclePoll
29.2,70.0,1011.96,108.0,408.0,VehiclePoll
29.2,70.0,1011.88,108.0,406.0,VehiclePoll
29.2,70.0,1011.85,108.0,406.0,VehiclePoll
29.2,70.0,1011.88,108.0,412.0,VehiclePoll
29.2,70.0,1011.9,108.0,411.0,VehiclePoll
29.2,70.0,1011.88,108.0,414.0,VehiclePoll
29.2,70.0,1011.87,108.0,413.0,VehiclePoll
29.2,70.0,1011.86,108.0,408.0,VehiclePoll
29.2,70.0,1011.88,108.0,408.0,VehiclePoll
28.0,66.0,1010.95,122.0,401.0,VehiclePoll
28.0,65.0,1010.91,124.0,402.0,VehiclePoll
28.0,66.0,1010.95,124.0,401.0,VehiclePoll
28.0,65.0,1010.89,124.0,400.0,VehiclePoll
28.0,66.0,1010.88,124.0,400.0,VehiclePoll
28.0,66.0,1010.88,124.0,401.0,VehiclePoll
28.0,65.0,1010.88,123.0,401.0,VehiclePoll
28.0,66.0,1010.91,124.0,400.0,VehiclePoll
28.0,66.0,1010.89,123.0,400.0,VehiclePoll
28.0,66.0,1010.89,123.0,400.0,VehiclePoll
28.0,66.0,1010.89,123.0,400.0,VehiclePoll
28.0,66.0,1010.84,123.0,400.0,VehiclePoll
28.0,66.0,1010.88,123.0,400.0,VehiclePoll
28.0,66.0,1010.88,122.0,400.0,VehiclePoll
28.0,66.0,1010.89,122.0,400.0,VehiclePoll
28.0,65.0,1010.88,123.0,400.0,VehiclePoll
28.0,65.0,1010.89,122.0,400.0,VehiclePoll
28.0,65.0,1010.84,122.0,400.0,VehiclePoll
28.0,65.0,1010.9,122.0,400.0,VehiclePoll
28.0,65.0,1010.86,122.0,400.0,VehiclePoll
28.0,65.0,1010.87,122.0,400.0,VehiclePoll
28.0,65.0,1010.86,123.0,400.0,VehiclePoll
28.0,66.0,1010.91,123.0,400.0,VehiclePoll
28.0,66.0,1010.83,121.0,399.0,VehiclePoll
28.0,65.0,1010.84,123.0,400.0,VehiclePoll
28.0,66.0,1010.89,123.0,400.0,VehiclePoll
28.0,65.0,1010.86,123.0,399.0,VehiclePoll
28.0,65.0,1010.82,122.0,399.0,VehiclePoll
28.0,65.0,1010.85,122.0,399.0,VehiclePoll
28.0,65.0,1010.86,123.0,400.0,VehiclePoll
28.0,66.0,1010.87,123.0,401.0,VehiclePoll
28.0,65.0,1010.83,122.0,402.0,VehiclePoll
28.0,66.0,1010.78,123.0,403.0,VehiclePoll
28.0,66.0,1010.83,123.0,404.0,VehiclePoll
28.0,65.0,1010.85,122.0,405.0,VehiclePoll
28.0,65.0,1010.8,123.0,406.0,VehiclePoll
28.0,65.0,1010.85,122.0,407.0,VehiclePoll
28.0,65.0,1010.86,123.0,408.0,VehiclePoll
28.0,66.0,1010.85,123.0,408.0,VehiclePoll
28.0,66.0,1010.86,123.0,409.0,VehiclePoll
28.0,65.0,1010.88,123.0,410.0,VehiclePoll
28.0,65.0,1010.88,122.0,411.0,VehiclePoll
28.0,65.0,1010.84,123.0,411.0,VehiclePoll
28.0,65.0,1010.91,123.0,412.0,VehiclePoll
28.0,65.0,1010.9,124.0,413.0,VehiclePoll
28.0,66.0,1010.88,124.0,413.0,VehiclePoll
28.0,66.0,1010.78,124.0,415.0,VehiclePoll
28.0,66.0,1010.87,124.0,414.0,VehiclePoll
28.0,66.0,1010.76,124.0,415.0,VehiclePoll
28.0,66.0,1010.85,124.0,415.0,VehiclePoll
28.0,66.0,1010.82,125.0,415.0,VehiclePoll
28.0,66.0,1010.83,125.0,415.0,VehiclePoll
28.0,66.0,1010.86,125.0,416.0,VehiclePoll
28.0,66.0,1010.79,125.0,416.0,VehiclePoll
28.0,66.0,1010.83,125.0,416.0,VehiclePoll
27.9,66.0,1010.84,125.0,417.0,VehiclePoll
27.9,66.0,1010.86,125.0,417.0,VehiclePoll
28.0,66.0,1010.81,125.0,418.0,VehiclePoll
28.0,66.0,1010.84,125.0,418.0,VehiclePoll
27.9,66.0,1010.82,125.0,418.0,VehiclePoll
27.9,66.0,1010.83,125.0,418.0,VehiclePoll
27.9,66.0,1010.83,125.0,418.0,VehiclePoll
27.9,66.0,1010.84,125.0,418.0,VehiclePoll
27.9,66.0,1010.86,125.0,418.0,VehiclePoll
27.9,66.0,1010.85,125.0,419.0,VehiclePoll
27.9,66.0,1010.75,126.0,419.0,VehiclePoll
27.9,66.0,1010.84,125.0,419.0,VehiclePoll
27.9,66.0,1010.81,126.0,420.0,VehiclePoll
27.9,66.0,1010.8,126.0,420.0,VehiclePoll
27.9,66.0,1010.84,125.0,420.0,VehiclePoll
27.9,66.0,1010.82,126.0,420.0,VehiclePoll
27.9,66.0,1010.78,126.0,420.0,VehiclePoll
27.9,66.0,1010.84,126.0,420.0,VehiclePoll
27.9,66.0,1010.8,126.0,420.0,VehiclePoll
27.9,66.0,1010.8,125.0,420.0,VehiclePoll
27.9,66.0,1010.85,125.0,419.0,VehiclePoll
27.9,66.0,1010.85,125.0,420.0,VehiclePoll
27.9,66.0,1010.84,126.0,421.0,VehiclePoll
27.9,66.0,1010.81,126.0,421.0,VehiclePoll
28.0,66.0,1010.79,126.0,421.0,VehiclePoll
27.9,67.0,1010.82,126.0,421.0,VehiclePoll
28.0,66.0,1010.82,126.0,422.0,VehiclePoll
27.9,67.0,1010.83,126.0,422.0,VehiclePoll
28.0,66.0,1010.8,126.0,422.0,VehiclePoll
28.0,67.0,1010.83,126.0,422.0,VehiclePoll
27.9,67.0,1010.82,126.0,422.0,VehiclePoll
28.0,66.0,1010.82,126.0,422.0,VehiclePoll
28.0,66.0,1010.82,126.0,421.0,VehiclePoll
28.0,66.0,1010.81,126.0,421.0,VehiclePoll
28.0,66.0,1010.74,126.0,421.0,VehiclePoll
28.0,66.0,1010.81,126.0,421.0,VehiclePoll
28.0,66.0,1010.82,126.0,421.0,VehiclePoll
28.0,66.0,1010.81,126.0,419.0,VehiclePoll
28.0,66.0,1010.82,126.0,419.0,VehiclePoll
28.0,66.0,1010.79,126.0,420.0,VehiclePoll
28.0,66.0,1010.82,126.0,421.0,VehiclePoll
28.0,66.0,1010.78,126.0,420.0,VehiclePoll
28.0,66.0,1010.8,126.0,421.0,VehiclePoll
28.0,66.0,1010.76,126.0,421.0,VehiclePoll
28.0,66.0,1010.83,126.0,421.0,VehiclePoll
28.0,66.0,1010.82,126.0,421.0,VehiclePoll
28.0,66.0,1010.79,126.0,421.0,VehiclePoll
28.0,66.0,1010.82,126.0,422.0,VehiclePoll
28.0,66.0,1010.83,126.0,422.0,VehiclePoll
28.0,66.0,1010.8,126.0,422.0,VehiclePoll
28.0,66.0,1010.78,126.0,422.0,VehiclePoll
28.0,66.0,1010.83,126.0,422.0,VehiclePoll
27.9,66.0,1010.77,126.0,422.0,VehiclePoll
27.9,66.0,1010.76,126.0,422.0,VehiclePoll
28.0,66.0,1010.72,126.0,422.0,VehiclePoll
27.9,66.0,1010.83,126.0,422.0,VehiclePoll
28.0,66.0,1010.76,126.0,423.0,VehiclePoll
27.9,66.0,1010.82,126.0,422.0,VehiclePoll
27.9,66.0,1010.78,126.0,422.0,VehiclePoll
27.9,66.0,1010.82,126.0,422.0,VehiclePoll
27.9,66.0,1010.85,126.0,422.0,VehiclePoll
27.9,66.0,1010.8,126.0,422.0,VehiclePoll
27.9,66.0,1010.8,126.0,423.0,VehiclePoll
27.9,66.0,1010.83,126.0,422.0,VehiclePoll
27.9,66.0,1010.77,126.0,422.0,VehiclePoll
27.9,66.0,1010.77,126.0,422.0,VehiclePoll
27.9,66.0,1010.81,126.0,422.0,VehiclePoll
27.9,66.0,1010.75,126.0,422.0,VehiclePoll
27.9,66.0,1010.84,126.0,422.0,VehiclePoll
27.9,66.0,1010.85,126.0,422.0,VehiclePoll
27.9,67.0,1010.87,126.0,422.0,VehiclePoll
27.9,66.0,1010.72,127.0,422.0,VehiclePoll
27.9,67.0,1010.8,126.0,422.0,VehiclePoll
27.9,67.0,1010.78,126.0,422.0,VehiclePoll
27.9,66.0,1010.83,126.0,422.0,VehiclePoll
27.9,66.0,1010.78,126.0,422.0,VehiclePoll
27.9,67.0,1010.83,126.0,422.0,VehiclePoll
27.9,66.0,1010.81,126.0,422.0,VehiclePoll
27.9,66.0,1010.84,125.0,422.0,VehiclePoll
27.9,67.0,1010.8,126.0,422.0,VehiclePoll
27.9,66.0,1010.8,126.0,422.0,VehiclePoll
27.9,67.0,1010.8,126.0,422.0,VehiclePoll
27.9,66.0,1010.84,126.0,422.0,VehiclePoll
27.9,66.0,1010.79,126.0,422.0,VehiclePoll
27.9,66.0,1010.81,126.0,422.0,VehiclePoll
27.9,67.0,1010.75,126.0,422.0,VehiclePoll
27.9,66.0,1010.85,126.0,422.0,VehiclePoll
27.9,67.0,1010.78,126.0,422.0,VehiclePoll
27.9,66.0,1010.82,126.0,422.0,VehiclePoll
27.9,67.0,1010.87,126.0,422.0,VehiclePoll
27.9,66.0,1010.76,126.0,422.0,VehiclePoll
27.9,67.0,1010.81,126.0,422.0,VehiclePoll
27.9,67.0,1010.81,126.0,422.0,VehiclePoll
27.9,67.0,1010.83,126.0,422.0,VehiclePoll
27.9,66.0,1010.8,126.0,422.0,VehiclePoll
27.9,66.0,1010.8,125.0,422.0,VehiclePoll
27.9,67.0,1010.83,126.0,422.0,VehiclePoll
27.9,66.0,1010.86,126.0,422.0,VehiclePoll
27.9,66.0,1010.82,126.0,422.0,VehiclePoll
27.9,67.0,1010.86,125.0,422.0,VehiclePoll
27.9,67.0,1010.8,125.0,422.0,VehiclePoll
27.9,66.0,1010.85,125.0,422.0,VehiclePoll
27.9,67.0,1010.88,126.0,422.0,VehiclePoll
27.9,66.0,1010.85,126.0,422.0,VehiclePoll
27.9,67.0,1010.86,126.0,422.0,VehiclePoll
27.9,67.0,1010.84,127.0,422.0,VehiclePoll
27.9,67.0,1010.84,126.0,422.0,VehiclePoll
27.9,67.0,1010.82,127.0,422.0,VehiclePoll
27.9,66.0,1010.85,126.0,422.0,VehiclePoll
27.9,66.0,1010.82,126.0,422.0,VehiclePoll
27.9,67.0,1010.81,127.0,422.0,VehiclePoll
27.9,67.0,1010.79,127.0,422.0,VehiclePoll
27.9,66.0,1010.83,127.0,422.0,VehiclePoll
27.9,67.0,1010.81,128.0,422.0,VehiclePoll
27.9,67.0,1010.83,127.0,422.0,VehiclePoll
27.9,66.0,1010.84,128.0,422.0,VehiclePoll
27.9,67.0,1010.87,128.0,422.0,VehiclePoll
27.9,66.0,1010.8,128.0,422.0,VehiclePoll
27.9,67.0,1010.82,128.0,422.0,VehiclePoll
27.9,66.0,1010.8,128.0,422.0,VehiclePoll
27.9,66.0,1010.84,128.0,422.0,VehiclePoll
27.9,67.0,1010.77,128.0,422.0,VehiclePoll
27.9,66.0,1010.78,128.0,422.0,VehiclePoll
27.9,66.0,1010.82,128.0,422.0,VehiclePoll
27.9,66.0,1010.81,128.0,422.0,VehiclePoll
27.9,67.0,1010.8,128.0,422.0,VehiclePoll
27.9,66.0,1010.82,128.0,422.0,VehiclePoll
27.9,66.0,1010.83,128.0,421.0,VehiclePoll
27.9,67.0,1010.82,128.0,421.0,VehiclePoll
27.9,67.0,1010.83,127.0,421.0,VehiclePoll
27.9,67.0,1010.84,127.0,421.0,VehiclePoll
27.9,67.0,1010.84,128.0,421.0,VehiclePoll
27.9,67.0,1010.82,128.0,422.0,VehiclePoll
27.9,66.0,1010.82,127.0,421.0,VehiclePoll
27.9,67.0,1010.83,128.0,421.0,VehiclePoll
27.9,67.0,1010.83,127.0,421.0,VehiclePoll
27.9,67.0,1010.85,127.0,421.0,VehiclePoll
27.9,67.0,1010.81,127.0,421.0,VehiclePoll
27.9,66.0,1010.86,127.0,421.0,VehiclePoll
27.9,67.0,1010.83,127.0,421.0,VehiclePoll
27.9,66.0,1010.75,127.0,421.0,VehiclePoll
27.9,67.0,1010.86,127.0,421.0,VehiclePoll
27.9,67.0,1010.77,127.0,421.0,VehiclePoll
27.9,67.0,1010.81,127.0,421.0,VehiclePoll
27.9,67.0,1010.76,126.0,421.0,VehiclePoll
27.8,66.0,1010.84,126.0,421.0,VehiclePoll
27.9,66.0,1010.81,126.0,421.0,VehiclePoll
27.9,67.0,1010.83,126.0,421.0,VehiclePoll
27.8,67.0,1010.8,126.0,421.0,VehiclePoll
27.8,67.0,1010.83,126.0,421.0,VehiclePoll
27.9,67.0,1010.8,126.0,420.0,VehiclePoll
27.9,66.0,1010.83,126.0,420.0,VehiclePoll
27.9,67.0,1010.8,126.0,421.0,VehiclePoll
27.8,66.0,1010.77,126.0,420.0,VehiclePoll
27.9,66.0,1010.82,126.0,421.0,VehiclePoll
27.8,66.0,1010.77,126.0,421.0,VehiclePoll
27.8,66.0,1010.75,126.0,421.0,VehiclePoll
27.8,66.0,1010.78,125.0,421.0,VehiclePoll
27.9,67.0,1010.75,126.0,421.0,VehiclePoll
27.8,66.0,1010.79,126.0,420.0,VehiclePoll
27.8,67.0,1010.83,125.0,421.0,VehiclePoll
27.9,66.0,1010.78,125.0,420.0,VehiclePoll
27.9,66.0,1010.81,125.0,421.0,VehiclePoll
27.8,66.0,1010.87,126.0,420.0,VehiclePoll
27.9,66.0,1010.83,126.0,420.0,VehiclePoll
27.8,66.0,1010.74,126.0,420.0,VehiclePoll
27.8,66.0,1010.77,125.0,420.0,VehiclePoll
27.9,67.0,1010.75,125.0,420.0,VehiclePoll
27.8,67.0,1010.79,126.0,420.0,VehiclePoll
27.9,66.0,1010.77,125.0,420.0,VehiclePoll
27.8,66.0,1010.77,126.0,420.0,VehiclePoll
27.9,67.0,1010.81,126.0,420.0,VehiclePoll
27.8,67.0,1010.74,125.0,419.0,VehiclePoll
27.8,67.0,1010.74,125.0,420.0,VehiclePoll
27.8,67.0,1010.7,126.0,420.0,VehiclePoll
27.8,67.0,1010.73,126.0,420.0,VehiclePoll
27.9,67.0,1010.71,126.0,420.0,VehiclePoll
27.8,67.0,1010.83,125.0,420.0,VehiclePoll
27.8,67.0,1010.76,125.0,420.0,VehiclePoll
27.9,67.0,1010.69,125.0,420.0,VehiclePoll
27.8,67.0,1010.78,125.0,420.0,VehiclePoll
27.8,67.0,1010.72,125.0,420.0,VehiclePoll
27.8,67.0,1010.77,125.0,420.0,VehiclePoll
27.8,67.0,1010.77,125.0,420.0,VehiclePoll
27.8,67.0,1010.75,125.0,420.0,VehiclePoll
27.8,67.0,1010.75,125.0,420.0,VehiclePoll
27.8,67.0,1010.72,125.0,420.0,VehiclePoll
27.8,67.0,1010.7,125.0,420.0,VehiclePoll
27.8,67.0,1010.74,125.0,420.0,VehiclePoll
27.8,67.0,1010.73,125.0,419.0,VehiclePoll
27.8,67.0,1010.74,125.0,420.0,VehiclePoll
27.8,67.0,1010.75,125.0,419.0,VehiclePoll
27.8,67.0,1010.74,125.0,420.0,VehiclePoll
27.8,67.0,1010.72,125.0,419.0,VehiclePoll
27.8,67.0,1010.82,125.0,420.0,VehiclePoll
27.8,67.0,1010.74,126.0,419.0,VehiclePoll
27.8,67.0,1010.74,126.0,419.0,VehiclePoll
27.8,67.0,1010.77,126.0,419.0,VehiclePoll
27.8,67.0,1010.71,126.0,419.0,VehiclePoll
27.8,67.0,1010.76,126.0,419.0,VehiclePoll
27.8,67.0,1010.72,126.0,419.0,VehiclePoll
27.8,67.0,1010.72,126.0,419.0,VehiclePoll
27.8,67.0,1010.73,126.0,420.0,VehiclePoll
27.8,67.0,1010.74,126.0,419.0,VehiclePoll
27.8,67.0,1010.68,126.0,419.0,VehiclePoll
27.8,67.0,1010.69,126.0,419.0,VehiclePoll
27.8,67.0,1010.69,127.0,419.0,VehiclePoll
27.9,67.0,1010.75,127.0,419.0,VehiclePoll
27.8,67.0,1010.75,128.0,419.0,VehiclePoll
27.8,67.0,1010.73,129.0,419.0,VehiclePoll
27.9,67.0,1010.7,129.0,419.0,VehiclePoll
27.8,67.0,1010.77,129.0,419.0,VehiclePoll
27.9,67.0,1010.75,129.0,419.0,VehiclePoll
27.9,67.0,1010.76,128.0,419.0,VehiclePoll
27.8,67.0,1010.73,129.0,419.0,VehiclePoll
27.9,67.0,1010.68,129.0,419.0,VehiclePoll
27.8,67.0,1010.69,129.0,419.0,VehiclePoll
27.8,67.0,1010.68,129.0,419.0,VehiclePoll
27.9,67.0,1010.78,129.0,419.0,VehiclePoll
27.9,67.0,1010.75,129.0,419.0,VehiclePoll
27.9,67.0,1010.77,129.0,419.0,VehiclePoll
27.9,67.0,1010.77,129.0,419.0,VehiclePoll
27.9,67.0,1010.69,129.0,419.0,VehiclePoll
27.8,67.0,1010.78,129.0,419.0,VehiclePoll
27.9,67.0,1010.76,129.0,419.0,VehiclePoll
27.9,67.0,1010.71,129.0,419.0,VehiclePoll
27.9,67.0,1010.73,129.0,419.0,VehiclePoll
27.9,67.0,1010.68,129.0,419.0,VehiclePoll
27.9,67.0,1010.68,129.0,419.0,VehiclePoll
27.9,67.0,1010.68,129.0,419.0,VehiclePoll
27.9,67.0,1010.74,128.0,419.0,VehiclePoll
27.9,67.0,1010.67,128.0,419.0,VehiclePoll
27.9,67.0,1010.71,128.0,419.0,VehiclePoll
27.9,67.0,1010.67,128.0,418.0,VehiclePoll
27.9,67.0,1010.73,129.0,418.0,VehiclePoll
27.9,67.0,1010.66,128.0,418.0,VehiclePoll
27.9,67.0,1010.76,128.0,418.0,VehiclePoll
27.9,67.0,1010.75,129.0,418.0,VehiclePoll
27.9,67.0,1010.75,128.0,418.0,VehiclePoll
27.9,67.0,1010.66,129.0,418.0,VehiclePoll
27.9,67.0,1010.74,129.0,418.0,VehiclePoll
27.9,67.0,1010.75,129.0,418.0,VehiclePoll
27.9,67.0,1010.75,129.0,418.0,VehiclePoll
27.9,67.0,1010.73,129.0,418.0,VehiclePoll
27.9,67.0,1010.72,129.0,418.0,VehiclePoll
27.9,67.0,1010.75,128.0,418.0,VehiclePoll
27.9,67.0,1010.67,129.0,418.0,VehiclePoll
27.9,67.0,1010.73,129.0,418.0,VehiclePoll
27.9,67.0,1010.73,129.0,418.0,VehiclePoll
27.9,67.0,1010.72,129.0,418.0,VehiclePoll
27.9,67.0,1010.74,129.0,418.0,VehiclePoll
27.9,67.0,1010.73,129.0,418.0,VehiclePoll
27.9,67.0,1010.75,129.0,418.0,VehiclePoll
27.9,67.0,1010.64,129.0,418.0,VehiclePoll
27.9,67.0,1010.73,129.0,418.0,VehiclePoll
27.9,67.0,1010.73,129.0,418.0,VehiclePoll
27.9,67.0,1010.7,129.0,418.0,VehiclePoll
27.9,67.0,1010.73,128.0,418.0,VehiclePoll
27.9,67.0,1010.68,128.0,418.0,VehiclePoll
27.9,67.0,1010.72,128.0,418.0,VehiclePoll
27.9,67.0,1010.74,129.0,418.0,VehiclePoll
27.9,67.0,1010.67,128.0,418.0,VehiclePoll
27.9,67.0,1010.76,128.0,417.0,VehiclePoll
27.9,67.0,1010.72,128.0,417.0,VehiclePoll
27.9,67.0,1010.76,128.0,417.0,VehiclePoll
27.9,67.0,1010.71,128.0,417.0,VehiclePoll
27.9,67.0,1010.7,128.0,417.0,VehiclePoll
27.9,67.0,1010.72,128.0,417.0,VehiclePoll
27.9,67.0,1010.68,128.0,417.0,VehiclePoll
27.9,67.0,1010.67,128.0,417.0,VehiclePoll
27.9,67.0,1010.74,128.0,417.0,VehiclePoll
27.9,67.0,1010.69,128.0,417.0,VehiclePoll
27.9,67.0,1010.68,128.0,417.0,VehiclePoll
27.9,67.0,1010.68,128.0,417.0,VehiclePoll
27.9,67.0,1010.69,128.0,417.0,VehiclePoll
27.9,67.0,1010.67,129.0,417.0,VehiclePoll
27.9,67.0,1010.73,128.0,417.0,VehiclePoll
27.9,67.0,1010.69,128.0,417.0,VehiclePoll
27.9,67.0,1010.67,128.0,417.0,VehiclePoll
27.9,67.0,1010.65,128.0,417.0,VehiclePoll
27.9,67.0,1010.67,128.0,417.0,VehiclePoll
27.8,67.0,1010.69,128.0,417.0,VehiclePoll
27.9,67.0,1010.68,128.0,417.0,VehiclePoll
27.9,67.0,1010.71,128.0,416.0,VehiclePoll
27.8,67.0,1010.68,128.0,417.0,VehiclePoll
27.9,67.0,1010.67,128.0,416.0,VehiclePoll
27.9,67.0,1010.67,128.0,416.0,VehiclePoll
27.8,67.0,1010.7,128.0,417.0,VehiclePoll
27.8,67.0,1010.7,128.0,416.0,VehiclePoll
27.8,67.0,1010.72,128.0,416.0,VehiclePoll
27.8,67.0,1010.68,128.0,416.0,VehiclePoll
27.8,67.0,1010.69,128.0,416.0,VehiclePoll
27.8,67.0,1010.68,128.0,416.0,VehiclePoll
27.8,67.0,1010.69,128.0,416.0,VehiclePoll
27.8,67.0,1010.73,128.0,416.0,VehiclePoll
27.8,67.0,1010.74,128.0,416.0,VehiclePoll
27.8,67.0,1010.7,128.0,416.0,VehiclePoll
27.8,67.0,1010.7,128.0,416.0,VehiclePoll
27.8,67.0,1010.65,128.0,416.0,VehiclePoll
27.8,67.0,1010.69,128.0,416.0,VehiclePoll
27.8,67.0,1010.69,128.0,416.0,VehiclePoll
27.8,67.0,1010.7,128.0,416.0,VehiclePoll
27.8,67.0,1010.66,128.0,416.0,VehiclePoll
27.8,67.0,1010.67,128.0,416.0,VehiclePoll
27.8,67.0,1010.71,128.0,416.0,VehiclePoll
27.8,67.0,1010.7,127.0,416.0,VehiclePoll
27.8,67.0,1010.72,127.0,416.0,VehiclePoll
27.8,67.0,1010.7,127.0,416.0,VehiclePoll
27.8,67.0,1010.69,127.0,415.0,VehiclePoll
27.8,67.0,1010.7,127.0,415.0,VehiclePoll
27.8,67.0,1010.7,127.0,415.0,VehiclePoll
27.8,67.0,1010.68,127.0,415.0,VehiclePoll
27.8,67.0,1010.75,127.0,415.0,VehiclePoll
27.8,67.0,1010.68,127.0,415.0,VehiclePoll
27.8,67.0,1010.74,127.0,415.0,VehiclePoll
27.8,67.0,1010.7,127.0,415.0,VehiclePoll
27.8,67.0,1010.73,127.0,415.0,VehiclePoll
27.8,67.0,1010.68,127.0,415.0,VehiclePoll
27.8,67.0,1010.72,127.0,416.0,VehiclePoll
27.8,67.0,1010.74,127.0,415.0,VehiclePoll
27.8,67.0,1010.66,127.0,415.0,VehiclePoll
27.8,67.0,1010.7,128.0,415.0,VehiclePoll
27.8,67.0,1010.71,127.0,415.0,VehiclePoll
27.8,67.0,1010.64,128.0,415.0,VehiclePoll
27.8,67.0,1010.7,128.0,415.0,VehiclePoll
27.8,67.0,1010.71,128.0,415.0,VehiclePoll
27.8,67.0,1010.64,128.0,415.0,VehiclePoll
27.8,67.0,1010.64,128.0,415.0,VehiclePoll
27.8,67.0,1010.66,128.0,415.0,VehiclePoll
27.8,67.0,1010.68,128.0,415.0,VehiclePoll
27.8,67.0,1010.69,128.0,414.0,VehiclePoll
27.8,67.0,1010.65,128.0,415.0,VehiclePoll
27.9,67.0,1010.66,127.0,415.0,VehiclePoll
27.8,67.0,1010.65,128.0,415.0,VehiclePoll
27.8,67.0,1010.65,128.0,414.0,VehiclePoll
27.8,67.0,1010.66,128.0,414.0,VehiclePoll
27.8,67.0,1010.68,128.0,415.0,VehiclePoll
27.8,67.0,1010.66,128.0,414.0,VehiclePoll
27.8,67.0,1010.7,128.0,414.0,VehiclePoll
27.8,67.0,1010.64,128.0,414.0,VehiclePoll
27.8,67.0,1010.64,128.0,414.0,VehiclePoll
27.8,67.0,1010.68,128.0,414.0,VehiclePoll
27.8,67.0,1010.67,128.0,414.0,VehiclePoll
27.8,67.0,1010.64,128.0,414.0,VehiclePoll
27.8,67.0,1010.7,129.0,414.0,VehiclePoll
27.8,67.0,1010.67,128.0,414.0,VehiclePoll
27.8,67.0,1010.67,128.0,414.0,VehiclePoll
27.8,67.0,1010.68,129.0,414.0,VehiclePoll
27.8,67.0,1010.66,129.0,414.0,VehiclePoll
27.8,67.0,1010.65,129.0,414.0,VehiclePoll
27.8,67.0,1010.68,129.0,414.0,VehiclePoll
27.8,67.0,1010.69,129.0,414.0,VehiclePoll
27.8,67.0,1010.65,129.0,413.0,VehiclePoll
27.8,67.0,1010.62,129.0,414.0,VehiclePoll
27.8,67.0,1010.64,129.0,413.0,VehiclePoll
27.8,67.0,1010.5,129.0,413.0,VehiclePoll
27.8,67.0,1010.63,130.0,413.0,VehiclePoll
27.8,67.0,1010.62,129.0,413.0,VehiclePoll
27.8,67.0,1010.63,130.0,414.0,VehiclePoll
27.8,67.0,1010.69,130.0,413.0,VehiclePoll
27.8,67.0,1010.66,130.0,413.0,VehiclePoll
27.8,67.0,1010.66,131.0,414.0,VehiclePoll
27.8,67.0,1010.7,131.0,413.0,VehiclePoll
27.8,67.0,1010.67,136.0,413.0,VehiclePoll
27.8,67.0,1010.67,141.0,413.0,VehiclePoll
27.8,67.0,1010.63,140.0,414.0,VehiclePoll
27.8,67.0,1010.62,137.0,413.0,VehiclePoll
27.8,67.0,1010.67,136.0,414.0,VehiclePoll
27.8,67.0,1010.65,135.0,414.0,VehiclePoll
27.8,67.0,1010.67,134.0,413.0,VehiclePoll
27.8,67.0,1010.63,133.0,413.0,VehiclePoll
27.8,67.0,1010.67,132.0,413.0,VehiclePoll
27.8,67.0,1010.61,131.0,413.0,VehiclePoll
27.8,67.0,1010.65,129.0,413.0,VehiclePoll
27.8,67.0,1010.65,127.0,413.0,VehiclePoll
27.8,67.0,1010.61,126.0,412.0,VehiclePoll
27.8,67.0,1010.62,126.0,412.0,VehiclePoll
27.8,67.0,1010.57,125.0,413.0,VehiclePoll
27.8,67.0,1010.64,124.0,412.0,VehiclePoll
27.8,67.0,1010.6,123.0,412.0,VehiclePoll
27.8,67.0,1010.61,123.0,412.0,VehiclePoll
27.8,67.0,1010.69,123.0,412.0,VehiclePoll
27.8,67.0,1010.64,122.0,412.0,VehiclePoll
27.8,67.0,1010.61,122.0,412.0,VehiclePoll
27.8,67.0,1010.67,123.0,412.0,VehiclePoll
27.8,67.0,1010.67,122.0,412.0,VehiclePoll
27.8,67.0,1010.66,122.0,412.0,VehiclePoll
27.8,67.0,1010.67,122.0,412.0,VehiclePoll
27.8,67.0,1010.61,122.0,412.0,VehiclePoll
27.8,67.0,1010.65,122.0,412.0,VehiclePoll
27.8,67.0,1010.63,121.0,411.0,VehiclePoll
27.8,67.0,1010.64,120.0,411.0,VehiclePoll
27.8,67.0,1010.61,119.0,411.0,VehiclePoll
27.8,67.0,1010.63,120.0,412.0,VehiclePoll
27.8,67.0,1010.65,121.0,412.0,VehiclePoll
27.8,67.0,1010.58,121.0,412.0,VehiclePoll
27.8,67.0,1010.64,121.0,412.0,VehiclePoll
27.8,67.0,1010.62,121.0,411.0,VehiclePoll
27.8,67.0,1010.58,119.0,411.0,VehiclePoll
27.8,67.0,1010.54,119.0,411.0,VehiclePoll
27.8,67.0,1010.61,120.0,411.0,VehiclePoll
27.8,67.0,1010.62,119.0,411.0,VehiclePoll
27.8,67.0,1010.63,119.0,411.0,VehiclePoll
27.8,67.0,1010.62,119.0,411.0,VehiclePoll
27.8,67.0,1010.61,119.0,411.0,VehiclePoll
27.8,67.0,1010.63,119.0,411.0,VehiclePoll
27.8,67.0,1010.66,119.0,411.0,VehiclePoll
27.8,67.0,1010.61,119.0,411.0,VehiclePoll
27.8,67.0,1010.59,119.0,411.0,VehiclePoll
27.8,67.0,1010.62,119.0,411.0,VehiclePoll
27.8,67.0,1010.61,119.0,411.0,VehiclePoll
27.8,67.0,1010.52,118.0,411.0,VehiclePoll
27.8,67.0,1010.6,118.0,411.0,VehiclePoll
27.8,67.0,1010.63,118.0,411.0,VehiclePoll
27.8,67.0,1010.61,119.0,411.0,VehiclePoll
27.8,67.0,1010.6,119.0,411.0,VehiclePoll
27.8,67.0,1010.59,119.0,411.0,VehiclePoll
27.8,67.0,1010.59,118.0,411.0,VehiclePoll
27.8,67.0,1010.59,118.0,411.0,VehiclePoll
27.8,67.0,1010.58,118.0,411.0,VehiclePoll
27.8,67.0,1010.6,118.0,411.0,VehiclePoll
27.8,67.0,1010.57,118.0,411.0,VehiclePoll
27.8,67.0,1010.59,118.0,411.0,VehiclePoll
27.8,67.0,1010.59,118.0,410.0,VehiclePoll
27.8,67.0,1010.59,118.0,410.0,VehiclePoll
27.8,67.0,1010.59,118.0,410.0,VehiclePoll
27.8,67.0,1010.55,118.0,411.0,VehiclePoll
27.8,67.0,1010.58,118.0,410.0,VehiclePoll
27.8,67.0,1010.51,118.0,410.0,VehiclePoll
27.8,67.0,1010.55,118.0,410.0,VehiclePoll
27.8,67.0,1010.59,118.0,410.0,VehiclePoll
27.8,67.0,1010.62,118.0,410.0,VehiclePoll
27.8,67.0,1010.56,117.0,410.0,VehiclePoll
27.8,67.0,1010.59,118.0,410.0,VehiclePoll
27.8,67.0,1010.51,118.0,410.0,VehiclePoll
27.8,67.0,1010.59,117.0,410.0,VehiclePoll
27.8,67.0,1010.57,117.0,410.0,VehiclePoll
27.8,67.0,1010.55,117.0,410.0,VehiclePoll
27.8,67.0,1010.56,117.0,410.0,VehiclePoll
27.8,67.0,1010.57,117.0,410.0,VehiclePoll
27.8,67.0,1010.55,117.0,410.0,VehiclePoll
27.8,67.0,1010.56,118.0,410.0,VehiclePoll
27.8,67.0,1010.54,117.0,410.0,VehiclePoll
27.8,67.0,1010.54,117.0,410.0,VehiclePoll
27.8,67.0,1010.51,117.0,410.0,VehiclePoll
27.8,67.0,1010.53,117.0,410.0,VehiclePoll
27.8,67.0,1010.51,117.0,410.0,VehiclePoll
27.8,67.0,1010.52,117.0,410.0,VehiclePoll
27.8,67.0,1010.51,117.0,410.0,VehiclePoll
27.8,67.0,1010.53,117.0,410.0,VehiclePoll
27.8,68.0,1010.53,117.0,410.0,VehiclePoll
27.8,67.0,1010.55,117.0,409.0,VehiclePoll
27.8,67.0,1010.56,117.0,409.0,VehiclePoll
27.8,67.0,1010.52,117.0,410.0,VehiclePoll
27.8,67.0,1010.52,117.0,409.0,VehiclePoll
27.8,67.0,1010.52,117.0,410.0,VehiclePoll
27.8,67.0,1010.51,117.0,409.0,VehiclePoll
27.8,67.0,1010.48,117.0,410.0,VehiclePoll
27.8,67.0,1010.49,117.0,410.0,VehiclePoll
27.8,67.0,1010.53,117.0,409.0,VehiclePoll
27.8,67.0,1010.51,117.0,409.0,VehiclePoll
27.8,67.0,1010.55,117.0,410.0,VehiclePoll
27.8,67.0,1010.49,117.0,409.0,VehiclePoll
27.8,67.0,1010.5,117.0,409.0,VehiclePoll
27.8,67.0,1010.48,117.0,409.0,VehiclePoll
28.0,68.0,1010.09,125.0,411.0,VehiclePoll
28.0,68.0,1010.12,139.0,412.0,VehiclePoll
28.0,68.0,1010.13,143.0,412.0,VehiclePoll
28.0,68.0,1010.13,141.0,411.0,VehiclePoll
28.0,68.0,1010.09,136.0,410.0,VehiclePoll
28.0,68.0,1010.07,137.0,411.0,VehiclePoll
28.0,68.0,1010.12,136.0,411.0,VehiclePoll
28.0,68.0,1010.11,135.0,411.0,VehiclePoll
28.0,68.0,1010.1,137.0,411.0,VehiclePoll
28.0,68.0,1010.09,136.0,412.0,VehiclePoll
28.0,68.0,1010.07,139.0,413.0,VehiclePoll
28.0,68.0,1010.03,134.0,413.0,VehiclePoll
28.0,68.0,1010.07,136.0,413.0,VehiclePoll
28.0,68.0,1010.03,136.0,412.0,VehiclePoll
28.0,68.0,1010.06,134.0,413.0,VehiclePoll
28.0,68.0,1010.09,136.0,413.0,VehiclePoll
28.0,68.0,1010.11,135.0,413.0,VehiclePoll
28.0,68.0,1010.09,136.0,413.0,VehiclePoll
28.0,68.0,1010.1,134.0,413.0,VehiclePoll
28.0,68.0,1010.08,137.0,414.0,VehiclePoll
28.0,68.0,1010.06,137.0,414.0,VehiclePoll
28.0,68.0,1010.06,132.0,415.0,VehiclePoll
28.0,68.0,1010.07,136.0,415.0,VehiclePoll
28.0,68.0,1010.07,134.0,414.0,VehiclePoll
28.0,68.0,1010.05,136.0,414.0,VehiclePoll
28.0,68.0,1010.05,136.0,415.0,VehiclePoll
28.0,68.0,1010.09,134.0,414.0,VehiclePoll
28.0,68.0,1010.07,136.0,414.0,VehiclePoll
28.0,68.0,1010.05,135.0,415.0,VehiclePoll
28.0,68.0,1010.08,137.0,416.0,VehiclePoll
28.0,68.0,1010.03,139.0,415.0,VehiclePoll
28.0,68.0,1010.0,137.0,418.0,VehiclePoll
28.0,68.0,1010.11,137.0,416.0,VehiclePoll
28.0,68.0,1010.06,136.0,417.0,VehiclePoll
28.0,68.0,1010.03,136.0,416.0,VehiclePoll
28.0,68.0,1010.04,137.0,416.0,VehiclePoll
28.0,68.0,1010.02,137.0,416.0,VehiclePoll
28.0,68.0,1010.05,134.0,416.0,VehiclePoll
28.0,68.0,1010.02,137.0,416.0,VehiclePoll
28.0,68.0,1010.09,135.0,416.0,VehiclePoll
28.0,68.0,1010.05,136.0,416.0,VehiclePoll
28.0,68.0,1010.04,135.0,416.0,VehiclePoll
28.0,68.0,1010.03,136.0,417.0,VehiclePoll
28.0,68.0,1010.05,136.0,416.0,VehiclePoll
28.0,68.0,1010.08,136.0,418.0,VehiclePoll
28.0,68.0,1010.03,137.0,417.0,VehiclePoll
28.0,68.0,1010.03,137.0,417.0,VehiclePoll
28.0,68.0,1010.03,136.0,417.0,VehiclePoll
28.0,68.0,1010.0,136.0,417.0,VehiclePoll
28.0,68.0,1010.05,136.0,417.0,VehiclePoll
28.0,68.0,1010.06,138.0,417.0,VehiclePoll
28.0,68.0,1010.05,136.0,417.0,VehiclePoll
28.0,68.0,1010.01,135.0,417.0,VehiclePoll
28.0,68.0,1010.08,135.0,417.0,VehiclePoll
28.0,68.0,1010.09,135.0,417.0,VehiclePoll
28.0,68.0,1010.0,138.0,417.0,VehiclePoll
28.0,68.0,1010.03,138.0,417.0,VehiclePoll
28.0,68.0,1010.07,138.0,417.0,VehiclePoll
28.0,68.0,1010.06,136.0,417.0,VehiclePoll
28.0,68.0,1010.06,134.0,417.0,VehiclePoll
28.0,68.0,1010.06,137.0,417.0,VehiclePoll
28.0,68.0,1010.05,138.0,417.0,VehiclePoll
28.0,68.0,1010.08,138.0,417.0,VehiclePoll
28.0,68.0,1010.08,138.0,418.0,VehiclePoll
28.0,68.0,1010.03,139.0,418.0,VehiclePoll
28.0,69.0,1010.05,138.0,417.0,VehiclePoll
28.0,68.0,1010.04,139.0,418.0,VehiclePoll
28.0,69.0,1010.02,138.0,418.0,VehiclePoll
28.0,69.0,1010.03,139.0,418.0,VehiclePoll
28.0,69.0,1009.99,140.0,418.0,VehiclePoll
28.0,68.0,1010.05,136.0,418.0,VehiclePoll
28.0,68.0,1010.03,139.0,420.0,VehiclePoll
28.0,69.0,1010.02,138.0,420.0,VehiclePoll
28.0,68.0,1010.01,138.0,419.0,VehiclePoll
28.0,69.0,1010.05,139.0,421.0,VehiclePoll
28.0,68.0,1010.04,139.0,420.0,VehiclePoll
28.0,68.0,1010.02,138.0,420.0,VehiclePoll
28.0,69.0,1010.04,139.0,421.0,VehiclePoll
28.0,68.0,1010.01,139.0,421.0,VehiclePoll
28.0,69.0,1009.95,137.0,421.0,VehiclePoll
28.0,69.0,1010.0,140.0,421.0,VehiclePoll
28.0,68.0,1010.01,138.0,420.0,VehiclePoll
28.0,68.0,1009.96,140.0,420.0,VehiclePoll
28.0,68.0,1010.0,140.0,421.0,VehiclePoll
28.0,68.0,1010.06,140.0,421.0,VehiclePoll
28.0,69.0,1009.96,141.0,420.0,VehiclePoll
28.0,68.0,1009.98,140.0,420.0,VehiclePoll
28.0,69.0,1010.02,138.0,420.0,VehiclePoll
28.0,69.0,1009.96,140.0,421.0,VehiclePoll
28.0,69.0,1009.98,141.0,420.0,VehiclePoll
28.0,68.0,1010.05,141.0,420.0,VehiclePoll
28.0,68.0,1009.99,139.0,420.0,VehiclePoll
28.0,68.0,1009.99,141.0,420.0,VehiclePoll
28.0,69.0,1009.91,138.0,420.0,VehiclePoll
28.0,69.0,1010.05,141.0,425.0,VehiclePoll
28.0,68.0,1009.98,142.0,429.0,VehiclePoll
28.0,69.0,1009.97,143.0,431.0,VehiclePoll
28.0,69.0,1009.98,141.0,433.0,VehiclePoll
28.0,69.0,1009.88,141.0,434.0,VehiclePoll
28.0,68.0,1009.99,141.0,435.0,VehiclePoll
28.0,68.0,1009.96,143.0,435.0,VehiclePoll
28.0,68.0,1009.93,143.0,435.0,VehiclePoll
28.0,69.0,1009.95,144.0,435.0,VehiclePoll
28.0,69.0,1009.92,142.0,436.0,VehiclePoll
28.0,68.0,1009.94,143.0,436.0,VehiclePoll
28.0,69.0,1009.96,142.0,436.0,VehiclePoll
28.0,68.0,1009.99,143.0,436.0,VehiclePoll
28.0,68.0,1009.92,141.0,435.0,VehiclePoll
28.0,69.0,1009.96,143.0,436.0,VehiclePoll
28.0,68.0,1009.96,143.0,436.0,VehiclePoll
28.0,69.0,1010.01,143.0,436.0,VehiclePoll
28.0,68.0,1009.89,143.0,436.0,VehiclePoll
28.0,68.0,1009.99,143.0,436.0,VehiclePoll
28.0,69.0,1009.95,143.0,436.0,VehiclePoll
28.0,69.0,1009.9,141.0,436.0,VehiclePoll
28.0,69.0,1009.92,143.0,436.0,VehiclePoll
28.0,69.0,1009.93,143.0,436.0,VehiclePoll
28.0,68.0,1009.96,142.0,436.0,VehiclePoll
28.0,69.0,1009.99,142.0,435.0,VehiclePoll
28.0,68.0,1009.95,142.0,436.0,VehiclePoll
28.0,69.0,1009.91,142.0,436.0,VehiclePoll
28.0,69.0,1009.98,141.0,436.0,VehiclePoll
28.0,69.0,1009.96,143.0,436.0,VehiclePoll
28.0,69.0,1009.97,142.0,436.0,VehiclePoll
28.0,68.0,1009.95,140.0,436.0,VehiclePoll
28.0,69.0,1009.93,141.0,436.0,VehiclePoll
28.0,68.0,1010.03,143.0,436.0,VehiclePoll
28.0,68.0,1009.97,139.0,436.0,VehiclePoll
28.0,69.0,1009.95,142.0,436.0,VehiclePoll
28.0,69.0,1009.98,142.0,436.0,VehiclePoll
28.0,69.0,1010.01,141.0,436.0,VehiclePoll
28.0,68.0,1009.95,143.0,436.0,VehiclePoll
28.0,69.0,1009.97,143.0,436.0,VehiclePoll
28.0,69.0,1009.98,139.0,436.0,VehiclePoll
28.0,68.0,1009.96,126.0,436.0,VehiclePoll
28.0,69.0,1009.89,145.0,438.0,VehiclePoll
28.0,68.0,1009.97,143.0,437.0,VehiclePoll
28.0,68.0,1009.94,144.0,436.0,VehiclePoll
28.0,69.0,1009.91,142.0,436.0,VehiclePoll
28.0,69.0,1009.92,145.0,436.0,VehiclePoll
28.0,69.0,1009.97,142.0,436.0,VehiclePoll
28.0,68.0,1009.88,143.0,436.0,VehiclePoll
28.0,68.0,1009.94,143.0,437.0,VehiclePoll
28.0,68.0,1009.89,143.0,436.0,VehiclePoll
28.0,69.0,1009.87,143.0,437.0,VehiclePoll
28.0,69.0,1009.9,144.0,437.0,VehiclePoll
28.0,68.0,1009.9,144.0,436.0,VehiclePoll
28.0,68.0,1009.91,143.0,437.0,VehiclePoll
28.0,68.0,1009.92,141.0,436.0,VehiclePoll
28.0,69.0,1009.95,141.0,436.0,VehiclePoll
28.0,69.0,1009.88,143.0,436.0,VehiclePoll
28.0,68.0,1009.94,143.0,436.0,VehiclePoll
28.0,68.0,1009.94,142.0,436.0,VehiclePoll
28.0,68.0,1009.89,143.0,436.0,VehiclePoll
28.0,68.0,1009.87,141.0,436.0,VehiclePoll
28.0,68.0,1009.85,141.0,435.0,VehiclePoll
28.0,69.0,1009.88,142.0,435.0,VehiclePoll
28.0,68.0,1009.88,145.0,435.0,VehiclePoll
28.0,68.0,1009.88,143.0,435.0,VehiclePoll
28.0,68.0,1009.86,143.0,435.0,VehiclePoll
28.0,68.0,1009.89,145.0,435.0,VehiclePoll
28.0,68.0,1009.86,144.0,435.0,VehiclePoll
28.0,68.0,1009.92,144.0,435.0,VehiclePoll
28.0,68.0,1009.88,145.0,435.0,VehiclePoll
28.0,68.0,1009.85,145.0,435.0,VehiclePoll
28.0,68.0,1009.88,145.0,435.0,VehiclePoll
28.0,68.0,1009.89,145.0,435.0,VehiclePoll
28.0,68.0,1009.85,144.0,435.0,VehiclePoll
28.0,68.0,1009.87,143.0,435.0,VehiclePoll
28.0,68.0,1009.88,144.0,435.0,VehiclePoll
28.0,68.0,1009.88,145.0,435.0,VehiclePoll
28.0,68.0,1009.87,145.0,435.0,VehiclePoll
28.0,68.0,1009.89,145.0,435.0,VehiclePoll
28.0,68.0,1009.88,144.0,435.0,VehiclePoll
28.0,68.0,1009.89,144.0,435.0,VehiclePoll
28.0,68.0,1009.85,144.0,435.0,VehiclePoll
28.0,68.0,1009.94,144.0,435.0,VehiclePoll
28.0,68.0,1009.86,144.0,435.0,VehiclePoll
28.0,68.0,1009.89,142.0,435.0,VehiclePoll
28.0,68.0,1009.86,142.0,435.0,VehiclePoll
28.0,68.0,1009.86,142.0,435.0,VehiclePoll
28.0,68.0,1009.87,143.0,435.0,VehiclePoll
28.0,68.0,1009.86,143.0,435.0,VehiclePoll
28.0,68.0,1009.87,144.0,434.0,VehiclePoll
28.0,68.0,1009.85,144.0,435.0,VehiclePoll
28.0,68.0,1009.84,143.0,435.0,VehiclePoll
28.0,68.0,1009.91,142.0,435.0,VehiclePoll
28.0,68.0,1009.9,144.0,434.0,VehiclePoll
28.0,68.0,1009.86,142.0,434.0,VehiclePoll
28.0,68.0,1009.9,144.0,434.0,VehiclePoll
28.0,68.0,1009.89,144.0,435.0,VehiclePoll
28.0,68.0,1009.85,144.0,434.0,VehiclePoll
28.0,68.0,1009.85,144.0,434.0,VehiclePoll
28.0,68.0,1009.85,142.0,434.0,VehiclePoll
28.0,68.0,1009.85,143.0,434.0,VehiclePoll
28.0,68.0,1009.85,144.0,434.0,VehiclePoll
28.0,68.0,1009.88,143.0,434.0,VehiclePoll
28.0,68.0,1009.9,142.0,434.0,VehiclePoll
28.0,68.0,1009.83,142.0,434.0,VehiclePoll
28.0,68.0,1009.86,143.0,434.0,VehiclePoll
28.0,68.0,1009.88,144.0,434.0,VehiclePoll
28.0,68.0,1009.85,144.0,434.0,VehiclePoll
28.0,68.0,1009.85,142.0,434.0,VehiclePoll
28.0,68.0,1009.92,143.0,434.0,VehiclePoll
28.0,68.0,1009.87,141.0,434.0,VehiclePoll
28.0,68.0,1009.85,142.0,434.0,VehiclePoll
28.0,68.0,1009.86,141.0,434.0,VehiclePoll
28.0,68.0,1009.85,143.0,434.0,VehiclePoll
28.0,68.0,1009.85,142.0,435.0,VehiclePoll
28.0,68.0,1009.88,143.0,434.0,VehiclePoll
28.0,68.0,1009.88,142.0,435.0,VehiclePoll
28.0,68.0,1009.88,126.0,434.0,VehiclePoll
28.0,68.0,1009.87,142.0,435.0,VehiclePoll
28.0,68.0,1009.88,144.0,435.0,VehiclePoll
28.0,68.0,1009.85,144.0,435.0,VehiclePoll
28.0,68.0,1009.86,144.0,434.0,VehiclePoll
28.0,68.0,1009.83,142.0,434.0,VehiclePoll
28.0,68.0,1009.88,141.0,434.0,VehiclePoll
28.0,68.0,1009.85,141.0,434.0,VehiclePoll
28.0,68.0,1009.84,142.0,434.0,VehiclePoll
28.0,68.0,1009.85,141.0,434.0,VehiclePoll
28.0,68.0,1009.85,141.0,433.0,VehiclePoll
28.0,68.0,1009.85,142.0,433.0,VehiclePoll
28.0,68.0,1009.79,142.0,433.0,VehiclePoll
28.0,68.0,1009.84,140.0,433.0,VehiclePoll
28.0,68.0,1009.86,142.0,434.0,VehiclePoll
28.0,68.0,1009.8,143.0,433.0,VehiclePoll
28.0,68.0,1009.83,143.0,433.0,VehiclePoll
28.0,68.0,1009.8,142.0,433.0,VehiclePoll
28.0,68.0,1009.87,140.0,433.0,VehiclePoll
28.0,68.0,1009.83,143.0,435.0,VehiclePoll
28.0,68.0,1009.82,144.0,433.0,VehiclePoll
28.0,68.0,1009.81,143.0,433.0,VehiclePoll
28.0,68.0,1009.78,142.0,433.0,VehiclePoll
28.0,68.0,1009.81,142.0,433.0,VehiclePoll
28.0,68.0,1009.85,144.0,433.0,VehiclePoll
28.0,68.0,1009.82,144.0,433.0,VehiclePoll
28.0,68.0,1009.77,142.0,434.0,VehiclePoll
28.0,68.0,1009.82,144.0,433.0,VehiclePoll
28.0,68.0,1009.85,144.0,433.0,VehiclePoll
28.0,68.0,1009.83,143.0,433.0,VehiclePoll
28.0,68.0,1009.86,143.0,433.0,VehiclePoll
28.0,68.0,1009.86,143.0,433.0,VehiclePoll
28.0,68.0,1009.85,144.0,433.0,VehiclePoll
28.0,68.0,1009.76,144.0,433.0,VehiclePoll
28.0,68.0,1009.79,145.0,433.0,VehiclePoll
28.0,68.0,1009.82,145.0,433.0,VehiclePoll
28.0,68.0,1009.81,145.0,432.0,VehiclePoll
28.0,68.0,1009.83,145.0,432.0,VehiclePoll
28.0,68.0,1009.82,146.0,432.0,VehiclePoll
28.0,68.0,1009.85,145.0,433.0,VehiclePoll
28.0,68.0,1009.83,145.0,432.0,VehiclePoll
28.0,68.0,1009.79,144.0,432.0,VehiclePoll
28.0,68.0,1009.84,146.0,432.0,VehiclePoll
28.0,68.0,1009.79,145.0,432.0,VehiclePoll
28.0,68.0,1009.83,146.0,432.0,VehiclePoll
28.0,68.0,1009.8,146.0,431.0,VehiclePoll
28.0,68.0,1009.8,146.0,432.0,VehiclePoll
28.0,68.0,1009.8,145.0,432.0,VehiclePoll
28.0,68.0,1009.79,145.0,432.0,VehiclePoll
28.0,68.0,1009.76,146.0,432.0,VehiclePoll
28.0,68.0,1009.8,145.0,432.0,VehiclePoll
28.0,68.0,1009.79,145.0,432.0,VehiclePoll
28.0,68.0,1009.75,145.0,432.0,VehiclePoll
28.0,68.0,1009.81,145.0,432.0,VehiclePoll
28.0,68.0,1009.79,145.0,432.0,VehiclePoll
28.0,68.0,1009.76,145.0,431.0,VehiclePoll
28.0,68.0,1009.77,146.0,431.0,VehiclePoll
28.0,68.0,1009.82,146.0,431.0,VehiclePoll
28.0,68.0,1009.79,145.0,431.0,VehiclePoll
28.0,68.0,1009.76,146.0,431.0,VehiclePoll
28.0,68.0,1009.82,146.0,431.0,VehiclePoll
28.0,68.0,1009.74,146.0,431.0,VehiclePoll
28.0,68.0,1009.79,145.0,431.0,VehiclePoll
28.0,68.0,1009.76,145.0,431.0,VehiclePoll
28.0,68.0,1009.77,145.0,431.0,VehiclePoll
28.0,68.0,1009.8,146.0,431.0,VehiclePoll
28.0,68.0,1009.76,145.0,431.0,VehiclePoll
28.0,68.0,1009.79,145.0,431.0,VehiclePoll
28.0,68.0,1009.76,146.0,431.0,VehiclePoll
28.0,68.0,1009.81,145.0,431.0,VehiclePoll
28.0,68.0,1009.8,145.0,431.0,VehiclePoll
28.0,68.0,1009.85,144.0,431.0,VehiclePoll
28.0,68.0,1009.77,145.0,431.0,VehiclePoll
28.0,68.0,1009.83,146.0,431.0,VehiclePoll
28.0,68.0,1009.77,145.0,431.0,VehiclePoll
28.0,68.0,1009.77,144.0,431.0,VehiclePoll
28.0,68.0,1009.79,145.0,431.0,VehiclePoll
28.0,68.0,1009.75,145.0,430.0,VehiclePoll
28.0,68.0,1009.75,144.0,430.0,VehiclePoll
28.0,68.0,1009.76,145.0,430.0,VehiclePoll
28.0,68.0,1009.77,145.0,430.0,VehiclePoll
28.0,68.0,1009.74,143.0,430.0,VehiclePoll
28.0,68.0,1009.79,144.0,430.0,VehiclePoll
28.0,68.0,1009.77,144.0,430.0,VehiclePoll
28.0,68.0,1009.75,144.0,430.0,VehiclePoll
28.0,68.0,1009.75,144.0,430.0,VehiclePoll
28.0,68.0,1009.75,145.0,430.0,VehiclePoll
28.0,68.0,1009.73,145.0,430.0,VehiclePoll
28.0,68.0,1009.76,143.0,431.0,VehiclePoll
28.0,68.0,1009.73,144.0,431.0,VehiclePoll
28.0,68.0,1009.69,144.0,430.0,VehiclePoll
28.0,68.0,1009.73,144.0,430.0,VehiclePoll
28.0,68.0,1009.75,143.0,430.0,VehiclePoll
28.0,68.0,1009.76,143.0,430.0,VehiclePoll
28.0,68.0,1009.71,143.0,430.0,VehiclePoll
28.0,68.0,1009.72,143.0,430.0,VehiclePoll
28.0,68.0,1009.7,143.0,430.0,VehiclePoll
28.0,68.0,1009.73,144.0,430.0,VehiclePoll
28.0,68.0,1009.7,143.0,430.0,VehiclePoll
28.0,68.0,1009.74,143.0,430.0,VehiclePoll
28.0,68.0,1009.74,143.0,430.0,VehiclePoll
28.0,68.0,1009.71,144.0,430.0,VehiclePoll
28.0,68.0,1009.67,143.0,430.0,VehiclePoll
28.0,68.0,1009.74,143.0,430.0,VehiclePoll
28.0,68.0,1009.75,143.0,429.0,VehiclePoll
28.0,68.0,1009.75,144.0,429.0,VehiclePoll
28.0,68.0,1009.75,144.0,429.0,VehiclePoll
28.0,68.0,1009.7,144.0,429.0,VehiclePoll
28.0,67.0,1009.74,142.0,429.0,VehiclePoll
28.0,68.0,1009.73,142.0,429.0,VehiclePoll
28.0,68.0,1009.75,143.0,429.0,VehiclePoll
28.0,68.0,1009.73,143.0,429.0,VehiclePoll
28.0,68.0,1009.73,144.0,429.0,VehiclePoll
28.0,68.0,1009.74,143.0,429.0,VehiclePoll
28.0,68.0,1009.71,143.0,429.0,VehiclePoll
28.0,68.0,1009.74,143.0,429.0,VehiclePoll
28.0,67.0,1009.67,144.0,429.0,VehiclePoll
28.0,67.0,1009.73,143.0,429.0,VehiclePoll
28.0,68.0,1009.71,144.0,429.0,VehiclePoll
28.0,67.0,1009.68,144.0,429.0,VehiclePoll
28.0,68.0,1009.76,143.0,428.0,VehiclePoll
28.0,68.0,1009.73,143.0,428.0,VehiclePoll
28.0,68.0,1009.71,143.0,428.0,VehiclePoll
28.0,67.0,1009.76,142.0,428.0,VehiclePoll
28.0,67.0,1009.69,143.0,428.0,VehiclePoll
28.0,68.0,1009.68,144.0,427.0,VehiclePoll
28.0,67.0,1009.72,143.0,428.0,VehiclePoll
28.0,67.0,1009.64,144.0,428.0,VehiclePoll
28.0,68.0,1009.67,143.0,428.0,VehiclePoll
28.0,68.0,1009.7,143.0,428.0,VehiclePoll
28.0,68.0,1009.7,142.0,428.0,VehiclePoll
28.0,68.0,1009.66,144.0,428.0,VehiclePoll
28.0,68.0,1009.65,144.0,429.0,VehiclePoll
28.0,68.0,1009.7,145.0,428.0,VehiclePoll
27.6,70.0,1010.22,126.0,502.0,VehiclePoll
27.6,69.0,1010.18,136.0,504.0,VehiclePoll
27.6,70.0,1010.16,142.0,501.0,VehiclePoll
27.6,69.0,1010.12,140.0,505.0,VehiclePoll
27.6,69.0,1010.14,140.0,498.0,VehiclePoll
27.6,70.0,1010.17,138.0,497.0,VehiclePoll
27.6,70.0,1010.14,139.0,501.0,VehiclePoll
27.6,70.0,1010.13,137.0,503.0,VehiclePoll
27.7,70.0,1010.15,139.0,500.0,VehiclePoll
27.6,69.0,1010.18,137.0,500.0,VehiclePoll
27.6,69.0,1010.16,140.0,495.0,VehiclePoll
27.6,69.0,1010.16,138.0,498.0,VehiclePoll
27.6,69.0,1010.18,140.0,496.0,VehiclePoll
27.6,69.0,1010.17,139.0,500.0,VehiclePoll
27.7,70.0,1010.19,137.0,496.0,VehiclePoll
27.6,70.0,1010.14,136.0,494.0,VehiclePoll
27.6,69.0,1010.18,142.0,500.0,VehiclePoll
27.6,70.0,1010.16,136.0,496.0,VehiclePoll
27.6,69.0,1010.16,138.0,492.0,VehiclePoll
27.7,70.0,1010.19,140.0,497.0,VehiclePoll
27.7,70.0,1010.17,142.0,499.0,VehiclePoll
27.7,69.0,1010.14,138.0,497.0,VehiclePoll
27.7,70.0,1010.17,137.0,496.0,VehiclePoll
27.7,69.0,1010.13,142.0,492.0,VehiclePoll
27.6,70.0,1010.11,140.0,492.0,VehiclePoll
27.7,69.0,1010.14,136.0,495.0,VehiclePoll
27.7,69.0,1010.16,141.0,496.0,VehiclePoll
27.7,69.0,1010.17,136.0,495.0,VehiclePoll
27.7,69.0,1010.17,141.0,493.0,VehiclePoll
27.7,69.0,1010.12,137.0,494.0,VehiclePoll
27.7,69.0,1010.16,136.0,491.0,VehiclePoll
27.7,69.0,1010.2,138.0,493.0,VehiclePoll
27.7,69.0,1010.17,137.0,494.0,VehiclePoll
27.7,70.0,1010.11,140.0,495.0,VehiclePoll
27.7,69.0,1010.16,136.0,496.0,VehiclePoll
27.7,70.0,1010.15,139.0,490.0,VehiclePoll
27.7,70.0,1010.19,139.0,493.0,VehiclePoll
27.7,70.0,1010.17,140.0,492.0,VehiclePoll
27.7,70.0,1010.12,138.0,490.0,VehiclePoll
27.7,70.0,1010.14,137.0,496.0,VehiclePoll
27.7,69.0,1010.12,137.0,494.0,VehiclePoll
27.7,69.0,1010.13,140.0,496.0,VehiclePoll
27.7,70.0,1010.16,140.0,495.0,VehiclePoll
27.7,70.0,1010.16,142.0,493.0,VehiclePoll
27.7,70.0,1010.13,142.0,491.0,VehiclePoll
27.7,70.0,1010.14,139.0,490.0,VehiclePoll
27.7,69.0,1010.13,125.0,494.0,VehiclePoll
27.7,70.0,1010.16,137.0,491.0,VehiclePoll
27.7,69.0,1010.15,137.0,489.0,VehiclePoll
27.7,70.0,1010.12,141.0,490.0,VehiclePoll
27.7,69.0,1010.11,139.0,493.0,VehiclePoll
27.7,70.0,1010.2,137.0,494.0,VehiclePoll
27.7,69.0,1010.15,142.0,492.0,VehiclePoll
27.7,70.0,1010.16,139.0,492.0,VehiclePoll
27.7,69.0,1010.17,138.0,489.0,VehiclePoll
27.7,69.0,1010.16,142.0,489.0,VehiclePoll
27.7,69.0,1010.18,137.0,489.0,VehiclePoll
27.7,69.0,1010.21,136.0,490.0,VehiclePoll
27.7,69.0,1010.14,139.0,488.0,VehiclePoll
27.7,69.0,1010.13,140.0,489.0,VehiclePoll
27.7,69.0,1010.13,137.0,491.0,VehiclePoll
27.7,69.0,1010.12,139.0,486.0,VehiclePoll
27.7,69.0,1010.17,138.0,486.0,VehiclePoll
27.7,69.0,1010.12,141.0,488.0,VehiclePoll
27.7,69.0,1010.17,139.0,492.0,VehiclePoll
27.7,69.0,1010.15,140.0,488.0,VehiclePoll
27.7,69.0,1010.08,138.0,489.0,VehiclePoll
27.7,69.0,1010.09,136.0,486.0,VehiclePoll
27.7,69.0,1010.11,138.0,487.0,VehiclePoll
27.7,69.0,1010.18,137.0,487.0,VehiclePoll
27.7,69.0,1010.16,138.0,487.0,VehiclePoll
27.7,69.0,1010.15,141.0,489.0,VehiclePoll
27.7,69.0,1010.15,137.0,486.0,VehiclePoll
27.7,69.0,1010.14,139.0,483.0,VehiclePoll
27.7,69.0,1010.13,140.0,485.0,VehiclePoll
27.7,69.0,1010.16,139.0,489.0,VehiclePoll
27.7,69.0,1010.1,139.0,485.0,VehiclePoll
27.7,69.0,1010.13,140.0,481.0,VehiclePoll
